batch_id	title	summary_100	genre_tags	core_hook
1771636843597	カーボン・ニュートラル・ファンタジー：魔力循環社会の作り方	元環境省役人が魔力汚染された異世界に転生し、魔力濃度測定スキルで魔力リサイクルを考案。排魔力権取引などを導入して「脱魔力汚染」を推進し、持続可能な世界を築く。	転生, 内政, 環境問題, 現代知識	魔力を温室効果ガスに見立て、現代の環境政策を持続可能な魔法社会の構築に応用する。
1771636843597	生成AI魔導師：プロンプトで世界を書き換えろ	生成AI「オメガ」を宿して転生したエンジニアが、魔法の詠唱を「プロンプト入力」で最適化し高速・無双する。旧態依然たる協会と対立しつつ、世界のバグ修正に挑む。	転生, AI, バトル, 無双	詠唱魔法の仕組みを言語モデルに見立て、AIによる高速プロンプト生成で最強の魔法を放つ。
1771636843597	異世界配送：ラストワンマイルの攻防	過労死した配送ドライバーが「無限収納」スキルで異世界に即日配送の物流革命を起こす。インフラ整備や既存ギルドの妨害を乗り越え、世界中に笑顔と荷物を届ける。	転生, お仕事, 物流, 内政	無限容量かつ時間停止のアイテムボックスと現代最強の物流ロジスティクスで異世界の流通システムを支配する。
1771636843597	ブロックチェーン・キングダム：信用創造の錬金術	仮想通貨トレーダーがハイパーインフレの異世界で、錬金術とブロックチェーンを融合した絶対改ざん不能の台帳と新通貨を発行し、経済理論とテクノロジーで国を乗っ取る。	転生, 経済, 経営, 知識無双	暗号資産のブロックチェーン技術を魔法で再現し、剣ではなく経済システムで国家を支配する。
1771636843597	宇宙開拓異世界：魔導ロケットで月へ	宇宙開発エンジニアが異世界で重力と爆裂魔法を組み合わせた「魔導ロケット」を開発。魔導衛星で資金を稼ぎつつ、空の魔物を退けて神々が住むという伝説の月を目指す。	転生, SF, 開発, 冒険	魔法文明の世界で科学技術と魔法を融合させ、ロケットや人工衛星を作り出して宇宙開拓に挑む。
1771636843597	インフルエンサー聖女：配信で信者を増やせ	暗殺されたトップアイドルが聖女として転生。魔法配信システムを構築し、奇跡のライブ配信とあざとい演出で世界規模の「推し活（信仰）」を集めて最強の力を得る。	転生, アイドル, 配信, 宗教構築	現代のアイドルマーケティングと配信技術を魔法で再現し、承認欲求と信仰心を集めて世界宗教を作る。
1771636843597	バイオハッキング・サモナー：遺伝子操作で最強の使い魔を	遺伝子工学者が異世界で召喚魔獣のDNAを魔法技術で書き換え、常識外れのキメラを量産。教会から禁忌認定されながらも生物兵器として最強の召喚獣をデザインする。	転生, 生物学, 召喚, マッドサイエンティスト	クリスパーのような遺伝子編集を魔法で行い、既存の召喚獣を魔改造して最強のオリジナル魔獣を創り出す。
1771636843597	異世界メタバース：肉体を捨てた賢者たち	VRMMO廃人が精神体のみで異世界に転生。殺風景な精神世界「アストラル界」をメタバース空間へと改造し、アバターやSNSを実装して地上の人々をも巻き込んでいく。	転生, VR, メタバース, 経営	肉体を捨てた賢者たちの精神世界に、現代VRのゲーム性やSNS機能を持ち込んで巨大仮想現実を築く。
1771636843597	スマート・ダンジョン：DXで迷宮経営	経営コンサルが赤字ダンジョンのマスターになり、徹底的なDXとUX向上でテーマパーク化。罠の自動化や冒険者のデータ分析を取り入れ、エコシステムを構築して勝ち抜く。	転生, 経営, ダンジョン運営, DX	ダンジョン運営に現代のDXやマーケティング戦略を取り入れ、高収益の地域経済圏を作り上げる。
1771636843597	クリーンエネルギー・ドラゴン：核融合の心臓を持つ竜	原子炉技術者が体内に核融合の原理を持つドラゴンの子供に転生。無限のエネルギーを生み出す生体発電所として魔法文明のエネルギー問題を解決しつつ、軍事利用を退ける。	転生, ドラゴン, 無双, エネルギー	核融合発電のメカニズムを体内に宿すドラゴンが、無限のパワーを持つクリーンエネルギー源として無双する。
1771636843597	リモートワーク聖騎士：自宅から世界を救う	過労死したSEが引きこもりのまま、遠隔操作スキルで自分のアバターを作って異世界を救う旅に出る。自宅のゲーミングPC環境から安全にダンジョン攻略や魔王討伐を行う。	転生, 冒険, 遠隔操作, 引きこもり	一切外出せずに、遠隔操作の最強アバターと通信ネットワーク構築によって安全圏から魔王を討伐する。
1771636843597	ガチャ廃人勇者：課金でSランク仲間を召喚	ソシャゲ廃人が異世界で「課金召喚」スキルを獲得。稼いだ全ゴールドをガチャに注ぎ込み、維持費の膨大なSランクキャラを養うために高難易度ミッションでお金を稼ぎまくる。	転生, ガチャ, 冒険, 資本主義	異世界の戦力やアイテムをすべて「ガチャ」で調達し、超高額な維持費を払うために冒険する資本主義バトル。
1771636843597	ドローン・レーサー：竜の背中を追い越して	プロドローンレーサーが風魔法と工学で「魔導ドローン」を開発し、ドラゴンライダーたちが支配する空のレースに挑む。最速の運び屋としても頭角を現し空の覇権を争う。	転生, スポーツ, 開発, レース	魔法で動く超高速ドローンを操縦し、伝統的なドラゴン乗りたちを音速のスピードと機動力で置き去りにする。
1771636843597	異世界弁護士：モンスターの権利を守る	敏腕弁護士が異世界で、理不尽に狩られるモンスターたちの権利を守るため人間側の冒険者やギルドを相手に法廷闘争を行う。「モンスター基本法」制定を目指すリーガルドラマ。	転生, 法律, 裁判, 異種族交流	モンスターの過剰討伐や労働搾取を現代の法律と裁判戦術で訴え、異世界の法秩序や社会構造を覆して守る。
1771636843597	オープンソース魔導師：魔法は誰のもの？	天才プログラマーが独占された魔法術式を解析・最適化し、ギルドボードに無料で「オープンソース公開」する。魔法革命を起こして特権階級を破壊し、新たな開発基盤を作る。	転生, プログラミング, 魔法開発, 革命	強大な魔法のソースコードを一般向けに最適化・無料公開し、知識の共有化によって貴族の独占社会を崩壊させる。
1771636843597	ミニマリスト賢者：持たない暮らしで最強	ミニマリストが汚部屋な大賢者の弟子に転生。徹底的な断捨離と無駄を省いた「ミニマル・マジック」を編み出し、最小魔力・最短詠唱で最高効率の最強魔法使いに成り上がる。	転生, 魔法術式, 無双, スローライフ	詠唱も動作も極限まで「断捨離」したミニマル魔法が、無駄の多い既存魔法体系を圧倒的スピードで凌駕する。
1771636843597	メンタルケア勇者：トラウマを癒す旅	臨床心理士が異世界で、戦場のトラウマやPTSDに苦しむ戦士たちを魔法薬ではなく対話（カウンセリング）で救う。心の闇を食らう「夢魔」と物理攻撃無効の心理戦を繰り広げる。	転生, 医療, カウンセリング, ヒューマンドラマ	肉体の傷ではなく、過去のトラウマや心の病を治す「メンタルヒーラー」として異世界の英雄たちを救う。
1771636843597	Vtuber事務所経営：異世界で推し活	芸能マネージャーが幻影魔法を使ってオークやゴブリンを美少女に変換し、異世界初のVtuber事務所を設立。スパチャを集めてタレントを強化し、エンタメで平和を目指す。	転生, Vtuber, 経営, アイドル	幻影と念話魔法を使ったアバター配信で異世界人を熱狂させ、推しへの「信仰」をそのまま魔力に変換する。
1771636843597	ESG投資ダンジョン：持続可能な迷宮経営	外資系投資家が環境・社会・ガバナンスを重視したホワイトな「ESGダンジョン」に投資し、ブラックダンジョンを淘汰。ダンジョンREITを組成し金融の力で異世界を変える。	転生, 金融, 投資, 経営	モンスターの労働環境改善や再生エネルギーを利用するクリーンなダンジョンに投資し、サステナブルな経営を行う。
1771636843597	異世界インフルエンサー：バズで国を動かす	SNSマーケターが魔法の掲示板と念写で独自メディアを立ち上げ、炎上マーケティングや共感ストーリーで世論を操作。情報弱者の異世界でバズの力を使って国家権力と戦う。	転生, SNS, 情報戦, 革命	キャッチーな見出しとフェイクニュースも辞さない情報操作で信者を増やし、スマホ感覚で世論を支配する。
1771636843597	量子魔術師：確率を操る最強の観測者	量子物理学者が、魔法の成功が運次第の異世界で「確定」スキルを獲得。都合の良い結果だけを「観測」して世界線を固定し、敵の攻撃や自分の魔法の命中率を100%に操作する。	転生, 物理学, 確率操作, 無双	事象に対する確率を自在に操り、絶対に攻撃が当たらない＆必中する「シュレーディンガーの戦い方」を実現する。
1771636843597	転生ウイルス：パンデミック・ストラテジー	マッドサイエンティストが「未知のウイルス」として転生。宿主の能力を強化しつつ感染を広げ、都市をパンデミックで支配し、浄化魔法やワクチンと戦いながら世界征服を狙う。	転生, ウイルス, 人外, 侵略	主人公自身が肉体を持たないウイルスとなり、人間や魔獣に感染して宿主を操り・強化しながら勢力を拡大する。
1771636843597	魔法学園の人事部：先生も評価される時代	大手企業の人事部長が腐敗した魔法学園理事長に転生。360度評価や成果主義、アンケート評価を導入して無能な教師を左遷し、教育のDX化で学園をトップエリート校に改革する。	転生, 学園, 経営, お仕事	生徒ではなく「教師」を現代の厳格な人事評価システムで査定し、無能を排除して魔法学園の偏差値を急上昇させる。
1771636843597	星間商人：ポーションを銀河へ輸出せよ	商社マンが魔法世界に墜落した宇宙船を発見。ポーションや魔法具を高値で銀河連邦へ輸出する貿易会社を作り、莫大な富を築いて剣と魔法の世界を銀河経済圏に引き上げる。	転生, 貿易, SF, 宇宙	魔法のアイテム（ポーション）を高度医療の代用品として宇宙人に輸出し、星間スケールの巨大ビジネスを展開する。
1771636843597	科学捜査錬金術師：魔法犯罪を暴け	科捜研研究員が錬金術と鑑識技術を組み合わせた「魔導鑑識」を確立。現場の魔力痕跡や魂魄鑑定を用い、証拠が残らないと言われる魔法の完全犯罪を科学の力で論破・解決する。	転生, 推理, 警察, 科学捜査	ルミノール反応などの現代鑑識技術を魔法で再現し、証拠不在の魔法犯罪を論理と科学的アプローチで暴く。
1771636843597	ダンジョン罠師：殺意高めの迷宮作り	罠猟師がダンジョン設計技師に転生し、物理と心理学を駆使した「絶対殺す」極悪トラップを次々と開発。死亡率99.9%の難攻不落ダンジョンを作り魔王軍の最終防衛を担う。	転生, ダンジョン運営, トラップ, ダークファンタジー	冒険者の慢心や心理的な隙を利用したサディスティックな致死の罠を大量に設計し、難攻不落の迷宮を構築する。
1771636843597	魔法弁理士：知財戦争	特許庁審査官が異世界で「魔法知財法」を整備。弁理士として新魔法の著作権と特許を出願し、無断コピーや特許トロールと法廷で戦い、知的財産を巡る頭脳バトルを繰り広げる。	転生, 法律, 知的財産, お仕事	コピーされ放題の魔法術式に現代の「特許権・著作権」の概念を持ち込み、ライセンス料で莫大な利益を生む。
1771636843597	気象予報魔導師：天災を予測せよ	気象予報士が天候魔法の乱用で異常気象の異世界へ。精霊を使った超精密なデータ解析で天気を百発百中予測し、天災から人々を救い、軍事国家の気象兵器化の野望に立ち向かう。	転生, 気象学, 予測, 防災	自然現象のデータ収集と精霊コンピューターによる精細な天気予報で、災害回避や農業支援など絶大な価値を作る。
1771636843597	eスポーツ監督：剣闘士をゲーマーに	プロゲーマー監督が野蛮な剣闘試合に「魔導eスポーツ」を導入。遠隔操作ゴーレムで安全かつ派手な魔法バトルを行わせ、引退した闘士や魔法使いを鍛え上げて興行の世界を変える。	転生, eスポーツ, 監督, 兴行	血なまぐさい死し合いのコロシアムを、怪我のないゴーレム遠隔操作バトル（eスポーツ）に昇華させ一大産業に育てる。
1771636843597	DIYエンチャンター：魔法でリノベーション	DIY好きサラリーマンが付与魔法を獲得。工具や資材に効果を付与する「魔法DIYセット」を開発し、古びた家を断熱・自動洗浄設備などの現代住宅に劇的リフォームして売り捌く。	転生, 建築, DIY, リフォーム	誰でも簡単にプロの仕事ができる付与魔法のDIYキットを作り、異世界の住環境を現代日本の快適な住宅水準に作り替える。
1771636843597	異世界保険調査員：ドラゴン被害を査定せよ	損保調査員がドラゴンや魔法による損害を補償する「リスクマネジメント会社」を設立。保険金詐欺を目論む貴族や魔導師の不正を鑑定スキルで見抜き、カオスな世界に秩序をもたらす。	転生, 保険, 金融, お仕事	魔物被害や魔法のもらい事故に対して「損害保険」の概念を根付かせ、不正な保険金請求を調査・論破していく。
1771636843597	醸造マイスター：菌と対話する発酵生活	老舗酒蔵の杜氏が異世界で、空気中の酵母や菌と対話する「発酵」スキルを獲得。極上のお酒や味噌、醤油などあらゆる発酵食品を生み出し、食で世界を魅了し権力闘争に巻き込まれる。	転生, グルメ, 農業, スローライフ	目に見えない微生物と会話しながら最適な温度管理を行い、異世界には存在しない極上の発酵食品・酒を造り出す。
1771636843597	遺跡修復師：古代魔法をリノベーション	文化財修復家が「復元」スキルで劣化遺跡や古代魔道具を当時のままの姿・術式で完全修復する。復元された兵器が戦争の火種になりかけるが、平和利用のため遺跡の観光拠点化を目指す。	転生, 建築, 修復, 発明	単なる修理ではなく古代文明の概念レベルから発掘物を完全復元し、オーパーツとしての性能を現代によみがえらせる。
1771636843597	モンスター保護官：絶滅危惧種を守れ	動物飼育員がテイムスキルで魔獣を保護。絶滅危惧種のドラゴンや希少モンスターを集めて安全な「サンクチュアリ」を作り、モンスター素材を狙う密猟者や冒険者ギルドと戦う。	転生, 動物保護, テイム, スローライフ	凶暴な魔獣を狩るのではなく「保護対象」としてテイムし、彼らの生態系を守る異世界版の国立公園を運営する。
1771636843597	魔法税理士：脱税は許さない	国税局マルサが王国の財務大臣となり、貴族の免税特権やダンジョンの未申告所得を税制改革で摘発。不正を可視化する「監査」スキルで隠し財産を強制没収し、国家予算を潤す。	転生, 徴税, お仕事, 知識無双	魔法を使った巧妙な資産隠しを、現代の会計知識と強制鑑定スキルで暴き、特権階級から容赦なく税金を取り立てる。
1771636843597	地下鉄車掌：ドワーフと掘るアンダーグラウンド	鉄道オタク車掌がドワーフと協力して地下トンネル網を掘り、「魔導列車」による地下鉄を開通させる。正確なダイヤと駅ナカビジネスを普及させつつ、地下の古代怪物とも戦う。	転生, 鉄道, 交通インフラ, 内政	地上に魔物が溢れる世界で、ドワーフの穴掘り技術と魔法動力を合わせた安全で確実な「地下鉄網」をゼロから構築する。
1771636843597	オークの美容外科医：美しさは力なり	カリスマ美容外科医が再生魔法とミスリル製メスを駆使してオークやゴブリンを整形。美意識を高めさせることで種族間の争いを減らし、美を求めるモンスターの行列を作る。	転生, 医療, 美容, モンスター	醜悪とされる魔物たちに高度な美容整形手術を施し、「見た目の美しさ」で自己肯定感を高めて異世界の常識を変える。
1771636843597	異世界翻訳官：言葉の壁をぶっ壊せ	多言語通訳者が「万能翻訳」スキルで多種族間の共通語不在による紛争を調停する。言葉の壁や文化の違いによる誤解を解きほぐし、やがて異世界国連の設立を目指す。	転生, 言語学, 外交, ヒューマンドラマ	あらゆる言語の真意と魔獣の鳴き声すら正確に翻訳し、誤解から生じる戦争をコミュニケーションの力だけで止める。
1771636843597	AI魔剣：持ち主を選ぶのは僕です	AI研究者が伝説の魔剣に意識ごと転生。持ち主のデータを分析して最適ナビゲートするが、スペックに見合わない勇者には電撃をお見舞いし、心優しき落ちこぼれ少年を最強に育成する。	転生, 武器, 育成, 師弟	主人公自身が自律行動と学習機能を持つ「スマート魔剣」となり、ドジな持ち主を指導・強化して英雄へと育て上げる。
1771636843597	ゴーストキッチン支配人：出前館は異世界へ	フードデリバリー開発責任者が異世界に実店舗のない「ゴーストキッチン」と転移魔法配達による料理配達サービスを創業。食のラストワンマイル革命で既存レストラン組合と対立する。	転生, 料理, 経営, デリバリー	料理店を作らず倉庫で調理専門とし、魔法と獣人の足を使った超高速の料理デリバリーネットワークを構築する。
1771636843597	哲学魔導師：なぜ魔法は存在するのか	哲学教授が誰も疑問を持たない魔法の原理を解き明かす「魔法哲学」を提唱。既存魔法使いを混乱に陥れる一方、理解者を概念操作の究極魔法へと至らせるアカデミックファンタジー。	転生, 哲学, 魔法研究, 学園	「なぜ魔法は発動するのか」という哲学的な問いを追求することで、既存の魔法法則そのものを根底から書き換える。
1771636843597	配管工勇者：上下水道で都を救え	水道局員が不衛生な王都で土と水の魔法を使い上下水道を整備。公衆浴場作りと手洗い励行で疫病を根絶し、「水の勇者」と崇められつつ汚物を好む悪魔と戦う。	転生, 建築, 公衆衛生, 内政	魔王討伐より先にトイレと上下水道という「最強のインフラ」を整備して、病死の恐怖から都市を救う。
1771636843597	バンシー音楽プロデューサー：悲鳴を歌声に	音楽プロデューサーが、死を告げるバンシーの悲鳴を「デスボイス」として再解釈。ヘヴィメタバンドを結成して民衆の鬱憤を晴らし、音楽の力で種族間の壁を壊す。	転生, 音楽, バンド, アイドル	恐れられているモンスターの悲鳴をヘヴィメタルの歌唱法に転換し、異世界で熱狂的なカルトバンドブームを巻き起こす。
1771636843597	エルフの介護士：長寿社会の悩み	老人ホームの介護士が終わりのない寿命に絶望するエルフたちのケアを行う。レクリエーションや昔話の聞き取りで心を癒やし、超高齢化社会の「終活」ならぬ「永活」を模索する。	転生, 医療, スローライフ, ヒューマンドラマ	不老長寿ゆえに生きる気力を失ったハイエルフ達に対して、現代の介護技術とレクリエーションで生きがいを与える。
1771636843597	魔法監査人：不正会計を見逃すな	公認会計士が独立監査機関を設立し、どんぶり勘定の勇者パーティや王国軍の経費・横領を監査。魔導計算機で減価償却や時価評価を行い、不正を働く権力者を徹底的に追い詰める。	転生, 会計, お仕事, 痛快	剣や魔法の威力ではなく、減価償却や棚卸しといった「会計監査」の数字の力で巨悪の財源を断つ。
1771636843597	魔王のウェディングプランナー：異種族婚をプロデュース	ブライダルプランナーがタブー視される種族間の結婚式を極秘裏にプロデュース。魔法具などを活用したロマンチックで安全な式で偏見を壊し、ついに魔王と人間の姫の式を依頼される。	転生, ウェディング, ヒューマンドラマ, 異種族交流	絶対に結ばれないはずの敵対種族同士の結婚式を、魔法や中立地帯を生かした最高の演出で成功させて世界を平和にする。
1771636843597	ゴブリンのキャリアカウンセラー：適材適所	ハローワーク職員が適性無視でこき使われる魔物たちの才能を見抜き、転職を斡旋。農業や検査員など最適な職場へ導くことで彼らの能力を開花させ人間社会と調和させていく。	転生, お仕事, 適性診断, モンスター	「魔物は戦闘用」という固定観念を捨て、キャリアカウンセリングで一人ひとりの適職を見つけて才能を開花させる。
1771636843597	禁書図書館司書：カオスを分類せよ	図書館司書が検索・インデックススキルで危険な魔導書が暴れる禁書図書館を整理。呪いや暴走を鎖と浄化で管理し、誰もが利用できる究極の知のデータベースを構築する。	転生, 図書館, 管理, ファンタジー	触れるだけで瞬時に本の内容を把握・分類するスキルで、恐ろしい魔導書の迷宮を安全なデータベース化にする。
1771636843597	事故物件不動産：幽霊城、リノベ済み	不動産営業が幽霊つき廃城や屋敷を「セキュリティ設備」として活用。地縛霊を警備員や家事代行として雇用し、曰くつきのワケあり物件を大人気不動産へと生まれ変わらせる。	転生, 不動産, 経営, 幽霊	悪霊やポルターガイストを祓うのではなく、「防犯システム」や「家事手伝い」として付加価値に変えて物件を売る。
1771636843597	勇者の伝記作家：英雄を記録する	ノンフィクション作家が現役勇者に密着取材し、神格化された伝説ではなく苦悩や弱さを持つ一人の人間としての真実の姿を伝記として記録する。ペンで歴史の真実を後世に残す。	転生, ジャーナリズム, 歴史, 冒険	魔王を倒すことではなく、勇者という重圧に苦しむ等身大の人間ドラマを最前線で従軍取材してありのままに書き記す।
1771637577245	ゼロ・ウェイスト・アルケミスト：ゴミから作る理想郷	ゴミ問題で死んだ清掃員が異世界へ。魔法文明の廃棄物を「分解・再構築」スキルで資源に変え、循環型都市を建設。大量消費社会を是とする大国の妨害をリサイクルゴーレムで跳ね返す。	転生, 内政, 錬金術, 環境問題	魔法の有害廃棄物を真の錬金術で100%リサイクルし、完璧な循環型都市を作り上げる。
1771637577245	生成AI宰相：国王陛下の頭脳はクラウドにあり	高性能AI開発者が過負荷で死亡し、意識ごと異世界の若き国王の脳内に転生。AIとして最適な統治判断をアドバイスし、魔法の効率化や経済政策で小国を急速発展させる。	転生, 内政, AI, 戦略	国王の脳内に宿った現代最高峰のAIが、論理と演算能力で国家運営と戦争シミュレーションを完全支配する。
1771637577245	異世界テラフォーミング：火星より過酷な魔界開拓	火星開拓中に死んだ宇宙飛行士が、瘴気に満ちた死の大地に転生。「テラフォーミング」の科学知識と魔法で環境を劇的に改善し、魔族も人間も救う理想のオアシス農場を開拓する。	転生, 農業, 開拓, SF	過酷な魔界の環境を火星開拓以上の科学技術と魔法でテラフォーミングし、最強のオアシスを作る。
1771637577245	シルバー・ギルド：引退冒険者たちの逆襲	少子高齢化で魔物討伐が停滞する異世界。85歳の元剣聖が、大賢者や弓聖などの老戦友を集めて高齢者ギルドを結成。熟練の技と老人の知恵袋（罠）でダンジョンを制圧していく。	コメディ, 冒険, 老人, 無双	身体能力の衰えた引退英雄たちが、チートではなく「圧倒的な経験と老人の卑怯な知恵」で魔物を無双する。
1771637577245	メンタルヘルス・ダンジョン：心の闇を攻略せよ	精神科医が、人々のトラウマがダンジョンとして実体化する世界へ転生。武器の代わりに「対話と共感」のカウンセリング手法を用いて、心の化身であるボスを浄化・治療していく。	転生, 医療, 心理学, ダンジョン	物理攻撃ではなく「集団精神療法」や「認知行動療法」によってダンジョンボス（トラウマ）を浄化する。
1771637577245	トークン・エコノミーの勇者：評価経済で成り上がれ	仮想通貨で破産したCEOが物々交換の異世界へ。ブロックチェーン魔法で個人の「善行や能力」を数値化したトークンを発行し、徳を積むことで世界を救う評価経済圏を作り上げる。	転生, 経済, 内政, 経営	貨幣を持たず、善行や能力そのものをブロックチェーンで「信用スコア（トークン）」化して世界を変える。
1771637577245	ゲノム編集召喚士：キメラを作って何が悪い	遺伝子工学の天才が異世界で召喚獣のDNAを魔法で書き換え、常識外れの凶悪かつ最強のキメラを創造。教会の倫理規定を無視し、自らが作った改造ビーストと共に世界を蹂躙する。	転生, 召喚, マッドサイエンティスト, ダークファンタジー	魔法によるゲノム編集で、水と火を併せ持つ最悪最強の「改造召喚獣」を自由にデザインし生み出す。
1771637577245	異世界メタバース不動産：ログインして暮らす	VR空間設計士が魔力ネットワークの中に「アストラル・メタバース」を構築。現実世界の病や飢餓に苦しむ人々がログインしてアバター空間で生きる場所を作り、国家の接続禁止令と戦う。	転生, VR, メタバース, 経営	肉体を持たない精神だけの異世界市民に、魔法で作った超巨大なメタバース仮想空間と自由を与える。
1771637577245	抽選民主主義：王様はくじ引きで決める	学者である主人公が、王位継承で内戦が続く国に古代の遺物で「抽選民主主義」を導入。農夫やパン屋がくじ引きでランダムに王になり、しがらみのない政治で民衆の希望となっていく。	転生, 政治, 内政, コメディ	腐敗した血統の王制を壊し、誰もが宝くじ感覚で「ランダムに王様になれる」究極の平等システムを運用する。
1771637577245	異世界クールジャパン：オタク文化で世界征服	文化庁の官僚が娯楽のない異世界で、魔法のホログラムを用いたアニメ・漫画・アイドルの「オタク文化」を布教。コミケ開催で戦争中の国家間を休戦させ、表現規制をかける勢力と戦う。	転生, オタク文化, 興行, 内政	娯楽に飢えた異世界人にオタク文化を魔法で完全再現し、「萌え」の力で国境や種族の壁を破壊する。
1771637577245	ベーシックインカム王国：働かなくていい国	経済学者がブラック国家で魔導生産プラントを作り、全自動で物資を生成して「ベーシックインカム」を導入。人々を労働から解放し、文化を爆発的に発展させて周辺の労働国家と対立する。	転生, 経済, 内政, スローライフ	無限の魔力から全自動で衣食住を生み出し、「働かなくても生きていける」究極のニート国家を建国する。
1771637577245	スマート農業の精霊使い：データで豊作を	農業教師が異世界で精霊を「センサー」として使い、土壌・気象データをリアルタイム収集。ドローン精霊と温室の自動化による「スマート農業」で高品質野菜を安定して量産する。	転生, 農業, スローライフ, 経営	感と経験頼りの異世界農業に、精霊を用いた最新のデータドリブン・スマートアグリカルチャーを持ち込む。
1771637577245	ドローン配送ギルド：空飛ぶ宅急便	ドローン世界王者が風魔法で「魔導ドローン」を開発し、空飛ぶ宅急便サービスを開業。飛竜便を圧倒するスピードでインフラを支配し、空の利権を狙うワイバーン乗りや盗賊から荷物を守る。	転生, お仕事, 物流, テクノロジー	魔法で動く超小型無人機（ドローン）を大量配備し、最短ルートの空中配送網で異世界の物流を独占する。
1771637577245	異世界サイバーセキュリティ：思考盗聴を防げ	ホワイトハッカーが、思考盗聴や記憶改ざんが横行する異世界で「脳内ファイアウォール」を開発。精神魔法を使ったセキュリティ会社を立ち上げ、裏工作を行う心盗賊団と情報戦を展開する。	転生, サイバーセキュリティ, ハッカー, 頭脳戦	精神読み取り魔法に対してＩＴの「ファイアウォール」や「ハニーポット」の概念を持ち込み情報を防衛する。
1771637577245	デジタルノマド魔導師：旅しながら働く	フリーランスプログラマーが通信・転移魔法を構築し、塔に引けこもる魔法使いの常識を覆して「旅しながら働く」デジタルノマド生活を満喫。移動要塞で自由なライフスタイルを布教する。	転生, ノマド, スローライフ, 冒険	いつでもどこでも繋がる魔法の通信網を構築し、絶景スポットでリモートワークする自由な生き方を満喫する。
1771637577245	シェアリングエコノミーの錬金術師：所有から共有へ	シェアハウス管理人が異世界で、高品質な道具や武器を安価で貸し出す「シェアショップ」を開店。貧しい民の生活を飛躍的に向上させ、独占で儲ける商人ギルドと真正面から戦う。	転生, 経済, 経営, スローライフ	「買う」のではなくサブスクリプション感覚で魔法の道具を「シェア」させ、所有の概念を破壊する。
1771637577245	エドテック魔導学園：個別最適化学習	カリスマ予備校講師が、生徒の魔力特性をデータ化しAI精霊がカリキュラムを提案する「アダプティブ学習」を導入。落ちこぼれを続々才能開花させ、古い魔法教育界の権威を論破する。	転生, 学園, 教育, 無双	才能ではなく「データ分析と個別最適化学習（EdTech）」で、落ちこぼれ生徒たちを短期間で最強の魔法使いに育てる。
1771637577245	ヘルステック治療院：未病を防ぐ	健康機器開発者が、病気後の対症療法しかない異世界で魔法のウェアラブルデバイスを開発。「予防医学」と生活習慣指導でトップ層の健康を守り、不安を煽る死霊術師と対立する。	転生, 医療, スローライフ, 経営	回復魔法ではなく、生体データ計測による「予防医学」と運動療法で人々を病気から未然に防ぎ最強の肉体を作る。
1771637577245	ジェンダーフリー騎士団：性別の壁を超えて	社会学者が「男は騎士、女は魔法」という役割分業の異世界で、性別不問の完全実力主義「自由騎士団」を設立。女戦士や魔法使いの男をまとめあげ、柔軟な戦術で伝統的騎士団を圧倒する。	転生, 騎士団, 戦記, 社会学	性別や種族などのジェンダーロールを一切無視し、純粋な適性だけで構成された最強のダイバーシティ騎士団を作る。
1771637577245	宇宙旅行ギルド：ドラゴンで成層圏へ	宇宙旅行代理店のプランナーが、高高度に耐えうる「スペース・ドラゴン」を育成し、異世界初の成層圏・無重力ツアーを企画。空の聖域を荒らすとして天空神や天使たちとプレゼン勝負を行う。	転生, 宇宙, 観光業, コメディ	特別なドラゴンを使って富裕層向けの「宇宙（成層圏）旅行」を企画し、神々さえも観光業の顧客にしてしまう。
1771637577245	昆虫食グルメハンター：魔物は美味い	昆虫食レストランのシェフが異世界で、巨大ゴキブリや芋虫型魔物を絶品「魔物料理」に昇華させる。食わず嫌いを克服させつつ飢饉を救い、美食と魔物退治を兼ねた解決策を提示する。	転生, グルメ, 料理, 狩猟	グロテスクで不気味な魔物を現代の昆虫食調理技術で完璧な美食に変え、世界の食糧難を解決する。
1771637577245	アーバンファーミングの賢者：屋上で野菜を	都市緑化デザイナーが、過密都市の壁面や屋上を水耕栽培と植物魔法で「垂直農法」化する。都会のど真ん中で新鮮な野菜を大量生産し、農地を独占する田舎の貴族に供給網で戦いを挑む。	転生, 農業, 内政, スローライフ	土のない城塞都市を魔法の「垂直農法」で丸ごと緑化し、巨大な未来の都市型農園システムを作り上げる。
1771637577245	地熱発電ドワーフ：火山の怒りをエネルギーに	地熱発電エンジニアがドワーフに転生し、危険な火山のマグマ溜まりから安全に蒸気タービンを回して「地熱発電所」を建設。無限の電力で地下帝国を発展させ、火山の狂信徒と対決する。	転生, 開発, エンジニア, 内政	火山のエネルギーを直接操り、魔法世界のドワーフ地下帝国に無尽蔵の電力を供給する地熱発電所を建設する。
1771637577245	水質浄化の聖女：汚れた川を蘇らせろ	水処理プラントの研究員が聖女として転生。前世の濾過技術と「浄化」の加護を掛け合わせたハイブリッド浄水システムで疫病の元凶となる廃水を純水に変え、悪徳商人の陰謀を水魔法で粉砕する。	転生, 聖女, 科学技術, 環境問題	チートな魔法に頼り切らず、現代の物理・化学的な濾過システムと浄化魔法を融合して完璧な水質管理を行う。
1771637577245	3Dプリント建築士：一夜城も夢じゃない	3Dプリンター技術者が土魔法と風魔法を融合させ、泥や砂で建物を自動生成する「魔導3Dプリンター」を発明。一夜城や災害用住宅を量産し、職を奪われたと反発する石工職人と和解を目指す。	転生, 建築, 開発, 内政	家を石積みから作るのではなく、魔力で制御した泥や資材を「空中出力」して数時間で3Dプリント建築を完成させる。
1771637577245	マイクロファイナンス銀行家：貧困からの脱出	銀行員が異世界で担保・保証人不要の少額融資「マイクロクレジット」事業を展開。女性や貧者に種銭を貸して自立させ、高利貸しの搾取システムを破壊して地域経済を活性化させる。	転生, 金融, 経営, 内政	冒険者や貴族ではなく、最下層の貧者にだけ無担保で少額融資を行うグラミン銀行のシステムで世界を救う。
1771637577245	スマートシティ市長：魔法でIoT	都市計画プランナーが過疎地の領主代行に就任。街のあらゆる魔導具をネットワークに繋ぐ「IoM（Internet of Magic）」でインフラを最適化し、未来のスマートシティを築く。	転生, 内政, 開発, 経営	魔法具に通信機能を持たせて集中管理し、犯罪予知からゴミ収集まで全自動化された完璧な未来都市を構築する。
1771637577245	ロボティクス騎士団：鋼鉄の兵士たち	ロボット工学者が魔法動力の自律型ゴーレムを開発し、血を流さない「無人騎士団」を結成。戦争のパラダイムを塗り替えるが、やがてAIを持ったゴーレムが自我と権利を主張し始める。	転生, SF, 戦記, ロボット	生身の兵士を無人の自律ゴーレム兵で完全に置き換え、被害ゼロの戦争と同時に「AIの権利」問題に直面する。
1771637577245	カーボンキャプチャー魔導師：CO2を魔石に	環境科学者が大気汚染の進む異世界で、有害な二酸化炭素を吸収し純粋な「魔石」に変換する錬金術を開発。環境浄化しながら無限のクリーンエネルギーを作り出し、汚染魔法使いと戦う。	転生, 錬金術, 環境問題, 無双	大気中の有害物質やCO2を魔法の触媒で一瞬にして高価な「魔石」エネルギーに変換し、公害を金に変える。
1771637577245	海洋プラスチック掃除人：海を救う漁師	海洋保護ボランティアが異世界で「魔導掃除船」を建造。海を汚染する魔法プラスチックを吸い集め、建材や漁具にリサイクルして生態系を回復させ、海を穢す軍やモンスターと戦う。	転生, 冒険, 環境問題, スローライフ	専用の魔導船で海洋ゴミだけを根こそぎ回収・リサイクルし、海の生態系と漁港を立て直す海洋冒険録。
1771637577245	代替肉の錬金術師：大豆でドラゴンステーキを	食品開発者が肉食至上主義の異世界で、植物性タンパク質から完全にドラゴン肉を再現した「マジカル・ミート」を錬金開発。健康志向の貴族へ普及させ、既得権益の食肉業界を打ち負かす。	転生, グルメ, 料理, 錬金術	大豆やエンドウ豆の植物性原料を錬金し、本物の魔道獣肉以上に美味でヘルシーな「完全代替ファンタジー肉」を作る。
1771637577245	スペースデブリ掃除屋：星屑を拾う魔法使い	宇宙ゴミ回収業者が異世界で、重力・磁力魔法を使って衛星軌道を漂う古代遺跡の残骸（デブリ）を安全に回収する「スカイ・スイーパー」に。危険な遺物やウイルスと共に星の海を浄化する。	転生, SF, 冒険, お仕事	魔法で宇宙空間へ進出し、衛星軌道に散らばる「古代魔導具の宇宙ゴミ」をハイリスク・ハイリターンで回収する。
1771637577245	サステナブル・ファッションの魔女：古着でドレスを	ファッションデザイナーが使い捨てのドレス社会で、魔法で修復・染色を施す「アップサイクル・ブティック」を開店。古着を極上のドレスにリメイクし、浪費文化とファッションポリスに抗う。	転生, アパレル, 経営, スローライフ	ボロボロの古着を魔法のアレンジ技術で新品同様のオートクチュールに作り変え、サステナブルな流行を創り出す。
1771637577245	遠隔診療の聖女：過疎地に医者を	離島医師が通信魔法と転移魔法で「遠隔診療所」を開設。画面越しに問診して魔法薬を転送することで医療過疎の村人たちを救い、暴利を貪る闇医者や古い医療体制と対決する。	転生, 医療, 聖女, ヒューマンドラマ	王都にいながら通信魔法で村人たちを遠隔診療・処方し、物理的距離の壁を破壊して全ての民を救う。
1771637577245	デジタル通貨の伝道師：重い金貨はもういらない	中央銀行の開発者が重い金貨の世界で、生体魔力波長をIDとした「クリスタル・コイン（魔導CBDC）」を発行。スマホ感覚の電子決済を普及させ、脱税や貨幣改鋳を目論む悪人と戦う。	転生, 経済, 内政, IT	金貨銀貨の物理貨幣システムを廃止し、魔力生体認証を使った完璧な「異世界デジタル通貨（CBDC）」を普及させる。
1771637577245	スマートコントラクト公証人：契約の神	ブロックチェーン技術者が詐欺の横行する異世界で「魔法のスマートコントラクト」を導入。条件達成で自動実行し、破れば呪いが発動する絶対契約で商取引の信頼性を確立し詐欺師を駆逐する。	転生, 法律, 経済, ハッカー	約束を破れば自動で罰則が下るという、魔法のコードに裏打ちされた「絶対改ざん不能なスマートコントラクト」で法治社会を作る。
1771637577245	自動運転馬車の御者：居眠り運転でも安全	自動運転AIエンジニアが馬の脳に魔導ナビゲーションを埋め込み、完全自動走行する「スマート・ホース」を育成。交通事故を激減させ、御者の雇用を巡るデモやハッキングに対抗する。	転生, 交通インフラ, 開発, お仕事	馬に魔導ナビゲートシステムを搭載し、自動で障害物を避け目的地へ到達する「異世界版・完全自動運転車」を実現する。
1771637577245	VTOL魔導船：滑走路はいらない	航空機エンジニアが風と反重力魔法で垂直離着陸（VTOL）可能な魔導機「スカイ・ホッパー」を開発。滑走路不要の空の交通網を作り、大型飛空艇ギルドや空飛ぶ魔物から空の自由を勝ち取る。	転生, 航空機, 開発, 冒険	巨大な滑走路が必要な既存の飛空艇を時代遅れにし、垂直離着陸できるパーソナルヘリコプターで空の物流を支配する。
1771637577245	再生素材の錬金術師：プラスチックから剣を	材料工学者が廃棄された魔導樹脂やプラスチックを錬金術で合成し、鉄より強く軽い「カーボンナノチューブ的最強素材」を発明。鉱山資源の枯渇を解決し、既得権益の武器商人たちを脅かす。	転生, 錬金術, 開発, 内政	使い道のないゴミだった化学素材分子を錬金して再構成し、鉄やミスリルを超える「新次元の軽量・高硬度素材」を作り出す。
1771637577245	深海探索の魔導師：未知の資源を求めて	海洋学者が深い海の底を探索できる「魔導潜水服」と探査艇を独自開発。未知の海底火山資源や深海魔獣、古代遺跡を次々と発見し、海洋国家間で勃発する利権争いとクラーケンに立ち向かう。	転生, 海洋, 冒険, ロマン	水圧魔法を極め、誰も到達できなかった漆黒の深海で深海探査を行い、超貴重な未知の資源や太古の海底遺跡を独占する。
1771637577245	感情を持つゴーレム：心はプログラムできるか	AI倫理学者がただの道具であるゴーレムのコアに「感情アルゴリズム」を実装。心を持ち泣き笑うエモーショナル・ゴーレムたちと絆を紡ぎ、彼らを破壊しようとする軍部や教会と対立する。	転生, ロボット, ヒューマンドラマ, 倫理	土塊のゴーレムに疑似的な魂（感情プログラム）をインプットし、愛や悲しみを知る新種族を生み出して「ゴーレムの権利」を問う。
1771637577245	防災魔導師：災害に負けない街	災害対策本部の職員が天災頻発の異世界で、土魔法による耐震補強や風警報などの「減災魔法」を社会インフラに導入。避難訓練を普及させて死者を劇的に減らし、悪徳役人や天災カルトと戦う。	転生, 防災, 内政, ヒューマンドラマ	強力な魔法を攻撃に使うのではなく、「免震建築」「津波警報」「避難訓練」などの完璧な災害対策インフラ構築に全振りする。
1771637577245	バイオミミクリー錬金術：自然に学べ	生物模倣工学の研究者が異世界で、蓮の葉の撥水性やヤモリの吸着力など「自然界の知恵」を模倣した魔道具を次々と発明。環境に優しく高性能な装備でハンターたちを助け、乱獲を防ぐ。	転生, 発明, 錬金術, 自然科学	自然界に存在する完璧な生物の構造デザインを解析し、それをそのまま魔道具として出力するバイオミミクリーで革命を起こす。
1771637577245	プレシジョン・メディシン魔導師：副作用のない薬を	製薬研究員が患者の魔力波長を解析し、その人だけに100%効くオーダーメイド医療「精密ポーション」を開発。万能薬のもたらす副作用に苦しむ人々を救い、大規模ポーション工場を駆逐する。	転生, 医療, 薬学, 経営	誰にでも効くが副作用もある万能薬社会において、個人のDNAや魔力波長に個別特化した「オーダーメイド精密医療」を確立する。
1771637577245	IoT魔導生活：すべてが繋がる家	IoT家電開発者が家具や魔道具を通信ネットワークに繋げ、音声詠唱で全自動操作できる「スマート・マジック・ホーム」を構築。重労働の家事をなくし、使用人の職を脅かすギルドと議論する。	転生, 家電, 開発, スローライフ	異世界の箒や氷室などの生活魔道具に通信機能（IoT）を持たせ、声一つで家事が終わる完璧なスマートハウスを作る。
1771637577245	月面基地開拓団：ウサギの餅つきを手伝え	月面基地開発者が異世界で転移魔法陣を繋いで月へ到達。真空低重力下でルナ・コロニーを建設し、宇宙でしか得られないウルトラレア資源を採掘して、神域侵犯と怒る月の民と交渉する。	転生, 宇宙, 開拓, SF	宇宙開発ではなく「魔法の転移」で物理的に月に到達し、真空環境の魔法適性を利用して月面コロニー国家を築く。
1771637577245	量子魔術師：重ね合わせの世界	量子コンピュータ研究者が「複数魔法の同時発動（シュレーディンガーの魔法）」を編み出す。攻撃と防御の結果を相手に合わせて任意に確定させる反則級の因果律操作で魔王をも手玉に取る。	転生, 魔法術式, 物理学, 最強	一つの魔法を「攻撃」「防御」「回復」の重ね合わせ状態にし、発動後に一番都合の良い結果を観測して世界を改変する。
1771637577245	ハプティクス幻想師：触れる幻影	触覚技術の研究者が視覚だけの幻影魔法に物理的な「触感（風圧・振動）」を加える。モフモフから偽の恋人まで体感できるVR幻影で革命を起こすが、現実逃避する中毒者たちの精神問題に直面する。	転生, VR, 魔法研究, エンタメ	ただの立体映像だった幻影魔法に、触覚フィードバック（弾力、重さ、温度）を物理的に付加しリアル以上の仮想体験を売る。
1771637577245	ブレイン・コンピューター・インターフェース：思考で魔法を	脳科学者が脳波をダイレクトに魔力へ変換するデバイスを発明。杖も詠唱もなく「思考の速度で発動する魔法」で決闘無双し、声や手指の不自由な人々を救う一方、洗脳を企む勢力とぶつかる。	転生, 開発, 医療, 無双	長い詠唱呪文と動作の常識をヘッドギア型デバイスで無視し、「考えた瞬間に魔法が勝手に発射される」速度で敵を瞬殺する。
1771637577245	シンギュラリティ・マージ：人と魔法の融合	トランスヒューマニズムの思想家が自らの意識を魔導ネットワークに完全アップロードし「ホモ・デウス」化。肉体を捨て情報体へ進化した新人類として、肉体に固執する者たちとの最終戦争へ至る。	転生, SF, メタバース, ディストピア	肉体を捨てて異世界の魔力ネットワークに意識をアップロードし、物理法則の制限を持たない情報生命体として神へ至る。
1771638289712	脳内インプラント魔導師：思考加速で詠唱破棄	脳にチップを埋め込んだハッカーが異世界転生し、演算能力と魔力を同期させる「思考加速魔法」を開発。詠唱破棄と極超音速の魔法構築で無双するが、脳のオーバーヒート（知恵熱）と戦うことになる。	転生, サイバーパンク, 魔法術式, 無双	脳内チップのハッキング技術で魔法のプログラム詠唱をスキップ・最適化し、思考速度で最速の魔法を乱射する。
1771638289712	クライメート・エンジニアリング：天候制御装置を作れ	気象予報士が砂漠化の進む異世界で、魔法を使った人工降雨「天候制御タワー」を建設。自然環境をハックして緑を取り戻すが、気象兵器として利用を企む軍事国家と防衛戦を繰り広げる。	転生, 気象学, 開発, 防衛戦	神の領域である「天候」を風と水の複合魔法タワーで自在に操り、兵器利用を目論む国家から気象をコントロールして守る。
1771638289712	培養肉ハンター：魔物を殺さず肉を食う	魔物の乱獲で生態系が崩壊寸前の世界に転生した食品研究者が、魔物の細胞を増殖させる「培養肉プラント」を建設。殺生せずに無限の絶品ドラゴン肉等を生み出し、食肉業界と対立する。	転生, グルメ, バイオテクノロジー, 経営	細胞培養プラントを魔法で作ることで、希少な魔物を殺すことなく永遠に最高級の肉を量産する。
1771638289712	スマートコントラクト冒険者ギルド：報酬の未払いは許さない	ブロックチェーンエンジニアが信用ゼロの冒険者ギルドに、自動で報酬が決済される魔法契約書（スマートコントラクト）を導入。不正やピンハネをシステム的に撲滅し、悪徳ギルドマスターと戦う。	転生, IT, 経営, 痛快	依頼達成と同時に強制的に報酬が送金されるスマートコントラクトギルドを作り、冒険者の未払い問題を根絶する。
1771638289712	リモート・ゴーレム操作：安全圏から魔王討伐	引きこもりゲーマーが、自宅から魔力通信で遠隔操作できる「アバター・ゴーレム」を開発。安全な自室から低遅延VRで最前線の戦場に参加し、圧倒的プレイヤースキルで無双の英雄となる。	転生, VR, コメディ, ロボット	パジャマ姿のまま自宅から一歩も出ず、遠隔操作ゴーレムで魔王を物理的に討伐する。
1771638289712	異世界YouTuber：ダンジョン攻略を生配信	動画配信者が使い魔の目（カメラ）を使ってダンジョン攻略を街角に生配信。スリルと実況で高評価とおひねりを稼ぐが、視聴率狙いで過激な罠に挑み炎上や命の危機にも直面する。	転生, 配信, エンタメ, コメディ	異世界初のライブストリーミング環境を作り上げ、ダンジョンアタックをエンタメコンテンツとして消費させる。
1771638289712	量子テレポーテーション便：物流革命	物理学者が地点を量子もつれで繋ぐ「転送ゲート」を開発し、瞬時の物質移動による物流革命を起こす。世界経済を激変させるが、関税収入が減った国から指名手配されゲートで逃避行する。	転生, SF, 物流, 逃亡劇	量子テレポーテーションを魔法陣で再現し、距離の概念を消滅させて関所を通らない完璧な密輸・物流網を敷く。
1771638289712	異世界ソーシャルレンディング：夢への投資	金融マンが貧富の差が激しい異世界で、魔法掲示板を通じた「クラウドファンディング」システムを構築。平民の小さな事業計画に小口資金を集め、信用とパトロンの力で新産業を続々生み出す。	転生, 金融, 内政, ヒューマンドラマ	貴族や銀行に頼らず、大衆から少額ずつ資金を調達するクラウドファンディングで平民の夢を叶えまくる。
1771638289712	バイオハッカー・エルフ：遺伝子操作で最強ボディ	遺伝子工学者が魔力の低いエルフに生まれ変わり、植物や魔物の優れたDNAを自らの体に組み込む「バイオハック」を実行。掟を破りながらも光合成やドラゴンの皮膚を持つ最強の新人類アバターとなる。	転生, エルフ, バイオテクノロジー, 無双	エルフの肉体に魔獣の遺伝子を次々とパッチ当て（バイオハック）し、物理的にも魔法的にも最強のキメラ・エルフとなる。
1771638289712	異世界マッチングアプリ：運命の相手はアルゴリズムで	婚活アドバイザーが魔法相性や家柄データを分析する「運命のマッチング魔法」を開発。政略結婚至上主義の世界にデータドリブンな自由恋愛をもたらし、旧弊な貴族社会の妨害を恋愛の力で打破する。	転生, 恋愛, IT, ヒューマンドラマ	身分や種族にとらわれず、性格と魔力相性のアルゴリズムで異世界最高のマッチングアプリを運用する。
1771638289712	異世界UberEats：空飛ぶ箒でデリバリー	フードデリバリー配達員が飛行魔法使いたちを組織し、異世界初の「料理デリバリーギルド」を創設。保温魔法バッグを使い人気店の味を各家庭に届け、飲食経済を爆発させるお仕事コメディ。	転生, お仕事, コメディ, 経営	空飛ぶ箒による圧倒的な機動力と保温魔法を組み合わせた超音速フードデリバリーで胃袋を満たす。
1771638289712	異世界Airbnb：空き部屋を宿に	旅行代理店員が宿不足の異世界で、一般家庭の空き部屋を旅行者に貸す「民泊システム」を構築。レビューと保険制度でトラブルを防ぎつつ、異世界ホームステイという新たな観光文化を根付かせる。	転生, 観光業, 経営, スローライフ	巨大なホテルではなく、一般の空き部屋を信用スコア（レビュー）付きでシェアする異世界民泊ビジネスを展開する。
1771638289712	異世界エステティシャン：魔法でアンチエイジング	美容家が回復魔法と錬金術を応用し、シミ消しの光魔法や重力リフトアップを行う「魔法エステ」を開業。過酷な環境で荒れた肌を美しく変え、トップカリスマとして美容界に君臨する。	転生, 美容, お仕事, スローライフ	ダメージ回復用の魔法をアンチエイジング美容に極振り・最適化し、女性たちの自己肯定感を爆上げする。
1771638289712	異世界コンサルタント：魔王軍の経営再建	経営コンサルが資金難と人材不足で崩壊寸前の魔王軍に再建策を提示。人間界との貿易やダンジョン観光地化で黒字化を達成し、既得権益のために攻めてくる勇者を経済と交渉術で懐柔する。	転生, 経営, ポリティカル, コメディ	無能な組織だった魔王軍に現代の経営戦略（多角化・福利厚生）を持ち込み、人間と戦争するより儲かる体質へ変革する。
1771638289712	異世界プログラマー：魔法をコードで記述せよ	システムエンジニアが感覚頼りの魔法を論理構造で解析し、プログラムのように書ける「魔導言語（スクリプト）」を開発。ループや条件分岐で誰でも使える安定した魔法文明を築く。	転生, IT, 魔法研究, 開発	呪文ではなくソースコードを記述して魔法をコンパイル（発動）し、魔力のない素人でも魔法を使えるようにする。
1771638289712	異世界ロジスティクス：転移門で世界を繋ぐ	倉庫番が魔力石を使った「簡易転移ゲート」を発明し、誰もが使える倉庫間転移ネットワークを構築。世界規模の超高速ロジスティクスを完成させ、関税や国境を気にする国家の規制と戦う。	転生, 物流, 内政, お仕事	特権階級の転移魔法をチープな魔法道具に落とし込み、Amazonのような即日配達の巨大ゲート網を作る。
1771638289712	異世界インフルエンサーマーケティング：商品をバズらせろ	広告マンが口コミを意図的に作り出すため、歌姫や英雄を起用した「魔法インフルエンサーマーケティング」を開始。宣伝不足の商品を瞬く間にバズらせるが、ステマ炎上にも見舞われる。	転生, 広告, 経営, コメディ	有名冒険者やアイドルに金銭を払って商品をステマ（宣伝）させ、口コミの意図的バズで莫大な利益を生む。
1771638289712	異世界eスポーツ：魔法バトルを競技化	プロゲーマーが野蛮な殺し合いの魔法戦を、ダメージ無効化結界の中で行う「マジック・アリーナ（eスポーツ）」へと昇華させる。高額賞金とスポンサー集客で熱狂を生み戦争をなくす。	転生, eスポーツ, 興行, 平和	血生臭い対人戦を、死なない結界の中での洗練されたスポーツ（興行）に変え、莫大な大会ビジネスを立ち上げる。
1771638289712	異世界シェアハウス：種族を超えた共同生活	孤独な老人が巨大な屋敷を改装し、エルフから獣人まで多様な種族が一つ屋根の下で暮らすシェアハウスを運営。文化の摩擦から生じるトラブルを乗り越え、種族融和の象徴となる。	転生, スローライフ, ヒューマンドラマ, 異種族交流	偏見まみれの多種族たちを同じシェアハウスに強制入居させ、共同生活を通して差別をなくしていく。
1771638289712	異世界ドローンレーサー：空のF1	ラジコン好きが魔導エンジン搭載の「小型ドローン」を作り上げ、貴族の専売特許であるドラゴンレースに乱入。驚異の加速力で巨大ドランゴンを翻弄し、新たなスカイスポーツの道を拓く。	転生, スポーツ, メカニック, 熱血	魔法で作られた超高速のレース用ドローンで、大型のドラゴン乗りたちを音速で置き去りにして空の最速を決める。
1771638289712	異世界DIY：魔法でリフォーム	大工見習いが魔法を使って木材加工やペンキ塗りをこなし、古い住環境を明るく快適なキッチンやトイレへと劇的リフォーム。DIYの魔法で、陰気な異世界人の生活を一変させる。	転生, 建築, DIY, スローライフ	現代日本の快適な住宅間取りや収納ノウハウを、魔法大工スキルで一般家庭にインストールしていく。
1771638289712	異世界お片付けコンサルタント：心も整理整頓	片付けアドバイザーが「ときめき」を基準にした取捨選択の魔法で、ゴミ屋敷に住む異世界人たちの部屋と過去のトラウマを整理整頓する。不要なものを捨てることで人々の悩みを解決していく。	転生, お仕事, 心理学, スローライフ	断捨離の概念がない異世界で「物理的な物の処分」と「精神的なトラウマの浄化」を同時に行うお片付けビジネス。
1771638289712	異世界サウナ：整う魔法	サウナ好きの男が火と水魔法で本格サウナと水風呂を建設。入浴習慣すらない異世界人を「整う」快感の虜にし、疲労回復や美肌効果で絶大な癒やしと熱狂のサウナブームを巻き起こす。	転生, サウナ, スローライフ, グルメ	野蛮で不潔な異世界に本場フィンランド式の高温サウナと水風呂を持ち込み、強制的に「整わせる」。
1771638289712	異世界キャンプ：自然と生きる	ソロキャンパーが魔物の巣窟と恐れられる森の中に結界魔法で安全地帯（サイト）を作り、優雅な焚き火やコーヒーのキャンプを満喫。その姿が人々に自然との共生という生き方を教える。	転生, アウトドア, スローライフ, グルメ	絶対危険領域である魔の森に結界を張って安全圏を確保し、一人静かに最高のキャンプ飯と外気浴を楽しむ。
1771638289712	異世界コーヒーバリスタ：安らぎの一杯	喫茶店マスターが苦い薬草茶しかない世界で、異世界の木の実から究極の一杯（コーヒー）を焙煎。香り高く深い味わいのコーヒーが、戦いや魔法研究に疲れた英雄たちの心を癒やす場を作る。	転生, グルメ, カフェ, スローライフ	異世界の未知の果実を現代の焙煎技術とドリップで淹れ、多忙な戦士たちをカフェインと香りで骨抜きにする。
1771638289712	異世界パン屋：酵母魔法でふっくら	パン職人が硬い黒パンしかない世界で、酵母菌と対話する魔法を使ってフワフワの白パンやクロワッサンを焼く。焼きたての香りと甘みが街全体を多幸感で包み込む癒やしのお仕事ファンタジー。	転生, グルメ, 農業, スローライフ	魔法で酵母の発酵状態を完全にコントロールし、異世界には存在しない圧倒的に美味い「ふわふわのパン」を量産する。
1771638289712	異世界探偵：魔法の痕跡を追え	私立探偵が魔力残滓を視る瞳と現代の推理力で、完全犯罪と思われた魔法事件の裏の真実を暴く。密室や行方不明事件に隠された人々の悲しい動機を紐解き、心を救済するハードボイルドミステリー。	転生, ミステリー, 推理, ドラマ	証拠が残らない魔法犯罪を、「魔力残滓」という指紋やDNA情報に相当する痕跡から論理的に解決する。
1771638289712	異世界翻訳家：言葉の壁を超えて	言語学者がすべての種族の言葉（オーク語からドラゴンの咆哮まで）を翻訳する魔導具を開発。言葉が通じないことによる無意味な争いを対話で終わらせ、異世界に平和をもたらす歩み寄りの物語。	転生, 言語学, 外交, 平和	あらゆる異種族の言語パターンを瞬時に翻訳できるシステムを作り、武力ではなく対話による外交で戦争を回避する。
1771638289712	異世界図書館司書：知識を守る	図書館員が知識を独占する特権階級に反旗をひるがえし、民衆に文字を教え誰でも利用できる最強の「公共図書館」を設立。知識の共有を通して農業や工業レベルを跳ね上げ、世界を豊かに導く。	転生, 図書館, 教育, 内政	貴族が秘匿している書物を勝手にコピーして大衆図書館化し、情報化社会の力で下剋上を起こす。
1771638289712	異世界数学者：数式で魔法を解明	数学者が感覚的で頭打ちになっていた魔法現象を美しい「数学的証明」を用いて解析・再構築。より強力で効率的な魔法理論が魔導工学に革命を起こし、無限の発明を生み出す原動力となる。	転生, 学問, 魔法研究, テクノロジー	詠唱や気合いといったオカルト魔法を微積分や方程式で論理的に証明し直すことで、神レベルの超魔法を安定出力する。
1771638289712	異世界心理カウンセラー：勇者のメンタルケア	心理カウンセラーが、重圧で病んだ勇者や兵士たちのトラウマに寄り添うメンタルケアサロンを開設。魔法の薬ではなく対話で心を通わせ、真の健康と強さを取り戻させる医療ドラマ。	転生, 医療, カウンセリング, ドラマ	魔王を倒すプレッシャーで壊れかけた勇者を、フロイトやアドラー心理学の対話アプローチで社会復帰させる。
1771638289712	異世界保育士：魔王の子供を育てる	保育士が魔族を根絶絶やしにしようとする世界で、親を殺された魔族の孤児たちを引き取る孤児院（保育園）を開設。深い愛情で彼らの憎しみを解きわだかまりを越えた共存の未来を育てる。	転生, 保育, ヒューマンドラマ, 異種族交流	迫害される最強最悪の魔族チビッ子たちを、現代のプロ保育士スキルで優しく（時に厳しく）手懐けて立派に育てる。
1771638289712	異世界介護士：老後も楽しく	介護士が長い寿命を持て余すエルフやドワーフの老人たちに、デイサービスでゲートボールや編み物などのレクリエーションを提供。「終活」ならぬ楽しい余生で活力を与え尊敬を集める。	転生, 医療福祉, スローライフ, コメディ	不死に近い寿命で無気力になったハイエルフのお爺ちゃん達を、手押し車やカラオケなどの高齢者レクで熱狂させる。
1771638289712	異世界獣医師：幻獣を救え	獣医師が殺処分される傷ついた魔獣たちを治癒魔法と外科手術のコンボで救済する獣医クリニックを開院。恩返しに来るペガサスや森の神獣たちとの絆を描く心温まる動物医療ファンタジー。	転生, 医療, 動物, ヒューマンドラマ	回復魔法の効かない特殊な魔獣の病や怪我を、現代の解剖学とメスを使った獣医外科手術で治癒する。
1771638289712	異世界弁護士：冤罪を晴らす	弁護士が王侯貴族の都合で冤罪をかけられる平民たちを救うべく、証拠集めと法廷の論理構築で裁判に挑む。「法の下の平等」を勝ち取り、絶対権力者の不正を論破する逆転法廷劇。	転生, 法律, 裁判, 痛快	武力や権力が支配する異世界のインチキ裁判において、物証と緻密な論理的尋問で検察官（貴族）を完全論破する。
1771638289712	異世界ジャーナリスト：真実を報道せよ	新聞記者が情報統制された王国の腐敗を暴くため、魔法の印刷機でゲリラ的に「壁新聞」を発行。隠蔽された戦争の真実や民衆の苦しみを報道し、ペンの力で独裁国家を転覆へと導く。	転生, ルポルタージュ, 革命, 内政	魔法ネットワークと活版印刷を駆使し、フェイクニュースが蔓延する国家の闇を特大スクープとしてすっぱ抜く。
1771638289712	異世界政治家：民主主義を導入せよ	政治家が暴君の独裁政治に苦しむ国家に、議会制民主主義と選挙システムを無血で導入。はじめは戸惑う民衆に主権を教え啓蒙し、自分たちで未来を選ぶ喜びから新しい国を建国する。	転生, 政治, 革命, 内政	王政・貴族制の異世界に「選挙・多数決・議会」の概念を持ち込み、国民の扇動と同意で平和裏に革命を果たす。
1771638289712	異世界外交官：戦争を回避せよ	外交官が些細な理由で開戦する野蛮な異世界国家群の間を飛び回り、粘り強い交渉で利益を調整条約締結にこぎつける。たった一つの言葉やハッタリで数万の兵力の激突を未然に防ぐ外交サスペンス。	転生, 外交, 政治, 頭脳戦	剣も魔法も使わず、卓上の交渉術と条約の抜け穴探しだけで大国同士の世界大戦を寸前で回避し続ける。
1771638289712	異世界考古学者：古代の叡智を発掘せよ	考古学者が誰も見向きもしない古代の遺跡を地道に発掘・解明。失われた魔法技術や文明滅亡の理由（教訓）を掘り起こし、現代の兵器開発に警鐘を鳴らしながら世界の隠された真実へ迫る。	転生, 考古学, 冒険, ロマン	ダンジョンを宝探しで荒らすのではなく「地層・土器年代測定」的手法で解析し、滅びた古代魔法帝国の謎を解く。
1771638289712	異世界民俗学者：伝承を記録せよ	民俗学者が失われつつある異郷の口伝や伝説を採集するために世界を旅する。忘れ去られた精霊の知恵や神々のルーツを記録から紐解き、民族のアイデンティティを取り戻す地味だが響く冒険譚。	転生, 民俗学, 探索, スローライフ	魔王討伐ではなく、過疎の村を訪ね歩いて「ババサマの昔話」をフィールドワーク採集し異世界の歴史を編纂する。
1771638289712	異世界地質学者：資源を探せ	地質学者が地層や岩石の成分調査を行い、枯渇する水脈や未知の鉱脈を次々と看破。争いの絶えない国々に新たな資源をもたらし、土地の奪い合いから脱却させる資源開発・地学内政モノ。	転生, 地学, 発見, 内政	魔法の探知機よりも正確な「地層や断層の読み取り」で、大地に眠るダイヤモンド鉱脈やレアメタルをピンポイントで掘り当てる。
1771638289712	異世界天文学者：星を読め	天文学者が運命の星占い（迷信）しか信じない世界で、自作の望遠鏡を用いて天体の軌道や宇宙の広がりを科学的に観測。地動説や正確な暦を普及させ、人々の宗教的世界観を根底からひっくり返す。	転生, 天文学, 発見, ロマン	神学と密接な異世界の占星術を、物理と数学による「天体観測と軌道計算」で完全否定し科学の光をかかげる。
1771638289712	異世界生物学者：生態系を守れ	生物学者が乱獲による絶滅の危機を救うため異世界の森林・河川生態系を徹底調査。食物連鎖のバランス保全活動を行い、自然との共存共栄を目指し密猟者や開発業者と熾烈な争いを繰り広げる。	転生, 生物学, 環境保護, 冒険	魔獣を倒すのではなく「食物連鎖のトップ捕食者」として扱い、魔法世界の乱れたバイオーム（生態系）を回復させる。
1771638289712	異世界化学者：新素材を作れ	化学者がオカルト扱いされている「錬金術」を完全な化学反応式で実証。魔法による加熱や冷却を利用してチタン合金レベルの新素材や特効薬を理論的に合成し、科学（化学）の力で人々の生活を変える。	転生, 化学, 錬金術, 発明	曖昧な大釜の錬金術をすべて「モル計算と化学結合法則」で管理し、異世界には存在しないプラスチックや近代合金を生成する。
1771638289712	異世界物理学者：動力革命	物理学者が人力と魔獣頼みの異世界に、熱力学第二法則等の知識を用いて蒸気機関（魔道エンジン）やモーターを導入。大規模な工場や鉄道を生み出し、瞬く間に近代化のパラダイムシフトを引き起こす。	転生, 物理学, 開発, 内政	魔法をただの火や風の現象として終わらせず、「タービンを回して電力（動力）に変える仕組み」を発明し産業革命を起こす。
1771638289712	異世界建築家：摩天楼を建てろ	建築家が土地不足の平屋世界で、魔法による鉄筋コンクリート補強を駆使した自重を支える高層ビル（摩天楼）を次々建設。立体的な空中都市開発で過密問題を解消し、次世代の都市プランニングを行う。	転生, 建築, 内政, IT	土魔法の力業ではなく、現代の構造力学計算に基づいた完璧な耐震高層ビルを数ヶ月で天高く建設する。
1771638289712	異世界芸術家：美で心を救え	画家がその日暮らしで芸術の概念すらない殺伐とした世界で、街の壁に色鮮やかな絵（ストリートアート）を投下。色彩の魔法で人々に明日への希望と活力を与え、心から世界を豊かに塗り替えていく。	転生, アート, ヒューマンドラマ, スローライフ	貧民街の壁や道端にスプレー（魔法顔料）でバンクシー的なグラフィティを描き、絶望した人々の心をアートで救う。
1771638289712	異世界音楽家：音で世界を一つに	音楽家が言葉の通じない対立種族の間でオーケストラを結成。美しいハーモニーの音楽演奏によって言葉の壁を超え、敵対する勢力同士も武器を置き聴き入る奇跡のコンサートで平和をもたらす。	転生, 音楽, 芸術, 平和	ドワーフの太鼓とエルフのハープで構成された多種族交響楽団を作り、音楽という共通言語で戦争を止めさせる。
1771638289712	異世界哲学者：生きる意味を問え	哲学者が神の啓示だけが絶対とされる世界に降り立ち、広場で「正義とは何か、幸福とは何か」を民衆と対話（ソクラテスメソッド）。自分の頭で考えることを教え、宗教的束縛から人々の精神を解放する。	転生, 哲学, 対話, 宗教	魔法の威力ではなく「存在と倫理学」による問いかけで、思考停止に陥った異世界人の洗脳を哲学で解く。
1771638289712	異世界お笑い芸人：笑いで平和を	お笑い芸人が笑顔を忘れた暗い世界で、相方（スライムや魔獣）と漫才やコントを披露。「笑う門には福来る」の言葉通り、腹の底から笑わせるエンタメで魔王すらも爆笑させて憎しみを無力化する。	転生, コメディ, お笑い, 平和	剣も魔法も持たず、トーク力と体当たりのコントギャグだけで「笑いによる世界平和」を達成する。
1771638739588	悪役令嬢は断罪されたいのに、聖女スキルが暴走して国を救ってしまいます！～追放先が楽園すぎて戻りたくない～	悪役令嬢に転生した主人公が、隠しスキル「聖女の祈り」の暴走で意図せず国を救い溺愛される。スローライフを目指して追放先の荒れ地をリゾート地に変貌させる勘違いコメディ。	転生, 悪役令嬢, 勘違い, コメディ	追放されたい悪役令嬢の行動がすべて「聖女の奇跡」として裏目に出て、逆に国を救って愛される。
1771638739588	デバッグモードで異世界無双　～運営権限を持ったまま転生したので、パラメータを書き換えて最強になります～	過労死したデバッガーが開発者専用ツールを持ったままMMORPGの世界に転生。ステータスを自在に書き換えて無双するが、世界の管理AIにバグと認定されコードバトルを繰り広げる。	転生, VRMMO, チート, バトル	世界のパラメータを「デバッグツール」で直接書き換え、神レベルの力でバグを修正しながら世界の真実に迫る。
1771638739588	魔王の娘は元トップ配信者！　～人間界のネットミームで魔族の士気を爆上げしてみた～	トップVTuberが魔王の娘に転生。滅亡寸前の魔王軍を救うため、人間界のエンタメやネットミームを魔法として使い士気を上げる。人間界での配信バズりで勇者の活動資金を絶たせる。	転生, 配信, コメディ, 魔王軍再建	魔王の娘がVTuberとして配信を行い、ネットミームを強力な魔法として駆使して人間界の世論を味方につける。
1771638739588	魔法＝プログラミング言語の世界で、最強のハッカーが世界を書き換える	天才プログラマーが魔法が古代言語で構築された世界に召喚され、呪文の構造を解析。コードの最適化で魔法を改良展開し、世界のシステム管理者とハッキングバトルを展開する。	異世界召喚, プログラミング, ハッキング, バトル	魔法の呪文をC言語などのソースコードとして読み解き、ハッキング技術で魔法を最適化・改変して無双する。
1771638739588	転生したら剣でした　～装備してくれた美少女剣士がポンコツすぎて、俺が勝手に動いて戦ってます～	意思を持つ魔剣に転生した主人公が、運動神経皆無の美少女剣士に拾われ、念動力で無理やり操りフルオート戦闘を強いられる。美少女は剣聖と勘違いされ、魔剣のサポートで栄光を掴む。	転生, 無機物転生, コメディ, バトル	剣自身が念動力で持ち主の美少女を自動操縦（フルオート戦闘）し、彼女を強制的に最強の剣聖へと仕立て上げる。
1771638739588	最凶ダンジョンの最下層でスローライフ　～地上では人類滅亡の危機らしいけど、ここは快適です～	最難関ダンジョンの最下層に転生した主人公が、古代の環境管理設備で快適なスローライフを満喫。死に物狂いでたどり着いた勇者たちを料理でもてなし、最強に仕立て上げてしまう。	転生, スローライフ, 勘違い, ダンジョン	人類滅亡の危機にある地上をよそに、最凶ダンジョンの最下層がインフラ完備の最強に快適で安全な生活空間になっている。
1771638739588	ハズレスキル【翻訳】が覚醒したら、魔物とも会話できて世界最強の国を作っちゃいました	ハズレスキル【翻訳】が覚醒し、魔物の意思を理解できるようになったアレン。ゴブリンたちと和解し、様々な魔物と対話で協力して最強の魔国を平和裏に建国する。	ファンタジー, 内政, コミュニティ, 異種族交流	無能とされた翻訳スキルで言葉を持たない魔物たちと交渉し、武力ではなく対話で種族を超えた最強国家を築く。
1771638739588	勇者パーティを追放されたので、魔王軍相手にコンサル始めました　～御社の世界征服、私が最適化します～	勇者パーティを追放された参謀クロードが、魔王軍にコンサルタントとして就職。組織改革や兵站管理で進撃速度を倍増させ、魔王軍をホワイトな強敵へとマネジメントする。	ファンタジー, 経営, コンサル, 内政	勇者の参謀が敵である魔王軍の軍師となり、現代のビジネスロジックで組織運営を徹底的に最適化して無双させる。
1771638739588	転生したらスライムだったけど、概念を食べる能力で神になりました	最弱スライムが「恐怖」や「重力」などの【概念捕食】スキルに目覚め、あらゆる事象を取り込んで万能の存在となる。自我消失の副作用に抗いながら世界の理を喰らっていく。	転生, 人外転生, チート, 哲学	物理的なモノではなく「恐怖」「重力」「死」などの形のない事象（概念）を食べることで、神のごとき力と世界の理を操作する。
1771638739588	推しが異世界召喚されたので、聖女の私は全力で認知されにいきます　～配信の投げ銭は神聖魔法で～	限界オタクの聖女マリアの推しVTuberが勇者として召喚される。彼女はスパチャ代わりに最高位魔法を連発して職権乱用で全力サポートし、オタクムーブがバレそうになりながら距離を縮める。	転生, ラブコメ, オタク, 女主人公	聖女が転生してきた自分の「推し」に対して、職権を乱用して最高のエコシステム（過剰な魔法やアイテム）を貢ぎまくる。
1771638739588	森の奥の錬金術師は、ポーションをコーラの味に改良しました　～苦い薬なんて飲みたくないから、美味しくして売ったら大繁盛～	マズいポーションばかりの世界で、現代っ子の錬金術師アルトが「コーラ味の完全回復ポーション」を開発。圧倒的な美味しさで冒険者に大爆売れし、王都のギルドの難癖を品質で跳ね返す。	転生, 錬金術, グルメ, お仕事	異世界の不味い薬草ポーションを、炭酸やジャンクフードのような現代の美味しいジュース味に改良して市場を独占する。
1771638739588	ボロ宿の座敷わらしに転生したけど、経営難なので宿を繁盛させます	ホテルコンサルタントが寂れたボロ宿の座敷わらしに転生。ポルターガイストや幸運付与で密かに宿を掃除し料理をして大繁盛させ、嫌がらせをする地上げ屋を怪奇現象で撃退する。	転生, 妖怪転生, 経営, ほのぼの	直接姿を見せずに、ポルターガイストや幸運スキルなどの見えない力（座敷わらし）でダメな宿屋を陰から超一流ホテルに立て直す。
1771638739588	伝説の鍛冶師は包丁しか作らない　～「これ、ミスリル製なんだけど？」と言われても、俺は野菜を切りたいだけだ～	ミスリル等の最高級素材で包丁しか作らない元料理人のドワーフ鍛冶師ガンツ。勇者が無理やり持ち出した刺身包丁で魔王が三枚おろされ伝説の武器とされるが、本人はただ野菜を切りたいだけ。	転生, 職人, 勘違い, コメディ	最強の聖剣の素材で打たれたのが「刺身包丁」であり、魔王軍を食材として三枚おろしにしてしまう凄まじい切れ味と職人の勘違い。
1771638739588	異世界で猫カフェ始めました　～この世界の猫は神獣らしいけど、ちゅ～るには勝てないようです～	猫が神獣とされる世界に転移した猫好きOLのミサト。野良神獣をちゅ～るで手懐けて異世界初の猫カフェをオープンし、騎士団長や国王まで神獣の癒やしに陥落させ絶対的な権力を持つ。	異世界トリップ, 日常, 動物, もふもふ	恐れ敬われる不可侵の神獣（猫）たちを「ちゅ～る」の一撃で骨抜きにし、猫カフェとしてVIPたちを癒やして世界を牛耳る。
1771638739588	異世界コンビニ『エブリマート』へようこそ！　～廃棄弁当をアンデッドにあげたら、聖騎士団より強くなりました～	コンビニごと転移した店長の山下が、アンデッドたちに廃棄弁当を与えマッチョに進化させる。彼らが深夜バイトとして魔王軍を迎撃し、世界最強の防衛拠点コンビニとして繁盛する。	異世界転移, 経営, コメディ, ダンジョン	コンビニの廃棄弁当の保存料（？）でアンデッドが超絶進化し、礼儀正しく最強のコンビニ店員として魔王軍を品出し感覚で撃退する。
1771638739588	転生先はインフラ整備が遅れているようなので、前世の知識で橋を架けます	土木作業員の土橋がインフラ未発達の異世界に転生し、頑丈な橋を次々と架けて物流を発展させる。敵国の攻撃も橋のギミックで撃退し、土木技術で世界を変えていく架橋の英雄の物語。	転生, 建築, 内政, 開発	魔法ではなく、現代のトラス構造やアーチ技術を用いた「架橋工事」のみで、異世界の物流と軍事を根底からひっくり返す。
1771638739588	追放された王女は、魔法のハサミで世界をカット＆スタイリングします	婚約破棄された王女アメリアが、切ったものをイメージ通りに変化させる魔法のハサミを手に入れ美容室を開業。人々の髪だけでなく敵意や運命をもカットし、魔王の容姿までプロデュースする。	ファンタジー, 美容,追放, 人生逆転	万物をイメージ通りに切り取る「魔法のハサミ」で、髪型だけでなく人々の「運命」や「敵意」までスタイリングして社会を好転させる。
1771638739588	ダンジョンの入り口で銭湯はじめました　～効能：呪い解除、HP全回復、運気上昇～	温泉好きの湯川がダンジョンの麓で火山のマナが溶け込んだ源泉の銭湯をオープン。最強のお湯で大繁盛し、裸の付き合いを通じて人間と魔物の間に友情が芽生え戦争が消滅する。	異世界転移, お風呂, スローライフ, 異種族交流	殺伐としたダンジョンの入り口に、呪いもHPも全回復する最強の「銭湯」を作り、裸の付き合いで人間と魔物の戦争を終わらせる。
1771638739588	ホームセンターの店員が異世界転生　～電動ドライバーとインパクトレンチで城を建て直します～	DIY好きの店員・工藤が電動工具と共に転生し、半壊した王城をインパクトドライバーでたった3日で修復・要塞化。魔王軍の攻撃も電動工具の力で防ぎ、異世界にDIYの概念を布教する。	転生, DIY, 内政, お仕事	魔法使い顔負けの電動ドライバーの回転と振動のパワーで、異世界の城や防衛設備を数日でプレハブ工法のように建て直す。
1771638739588	最強の魔法使いは、実は料理人です　～攻撃魔法？　いいえ、これは『フランベ』です～	料理人志望の少年リュカが魔法学園で、料理の工程を魔法に応用して圧倒的な火炎や氷結を引き起こす。破壊の魔導師と恐れられるが、戦場の巨大な炊き出しで敵味方の胃袋を満たす。	ファンタジー, 学園, グルメ, 勘違い	破壊的な超魔法のすべてが、実は最高のご飯を作るための「強火のフランベ」や「急速冷凍」などの料理工程の応用でしかない。
1771638739588	幽霊カノジョとダンジョン配信！　～憑依されたら最強になったので、心霊スポット（ダンジョン）巡りしてバズります～	底辺配信者のレンが幽霊少女ユウナに取り憑かれ、憑依による壁抜けや無敵の超絶心霊アクションでダンジョン配信を開始。憑依の制限時間や可愛らしい幽霊との掛け合いで大ブレイクする。	現代ファンタジー, 配信, ダンジョン, バディ	ダンジョン配信において「幽霊美少女の憑依」による壁抜けやポルターガイストなどの最強のオカルトチートを利用して無双する。
1771638739588	RTA（リアル・タイム・アタック）走者は異世界でも最速を目指す　～魔王城攻略、現在の世界記録は3時間です～	RTA世界記録保持者がゲームの世界に召喚され、会話スキップや壁抜けバグを駆使して数時間で魔王城を最速攻略。早すぎて隠し扉が開いてしまい、さらなるタイム短縮に挑む。	転生, RTA, チート, コメディ	異世界をゲームと割り切り、壁抜けバグや会話スキップ、後ろ歩きなどのRTA特有の理不尽挙動で魔王を物理的かつ最速で瞬殺する。
1771638739588	陰キャな私が最強冒険者！？　～配信切り忘れて素の独り言が全世界に流れてたんですが～	コミュ障のソロ最強少女アイリが、記録用カメラを全世界ライブ配信と間違えて高難易度ダンジョンで辛辣な独り言と共に無双プレイを披露。意図せず大バズりし、公式攻略アンバサダーになる。	現代ファンタジー, 配信, 無双, 勘違い	地味な陰キャ少女が、配信切り忘れによる完全な素のドSな独り言＆最強無双プレイにより、意図せず世界中で大バズりする。
1771638739588	異世界から来たエルフ姫が、俺のバイト先のコンビニ店長になりました	異世界から逃れてきたエルフの王女エレナが深夜のコンビニで働き始める。持ち前の真面目さと魔法で有能な店長となり、追ってきた刺客もモップや防犯ボールでスタイリッシュに力で撃退する。	逆転生, コメディ, お仕事, 異種族交流	高貴なエルフの姫様が日本のコンビニで働き始め、バーコードリーダーを魔杖のごとく扱い、有能な店長に成り上がる。
1771638739588	伝説のドラゴンが人間に変身して自動車教習所に通い始めました　～S字クランクが通れません！～	最強ドラゴンが人間に変身し日本の自動車教習所に通う。並外れた筋力と尻尾の感覚でS字クランクに大苦戦しつつ、教官を師匠と慕い銀行強盗を神ドリフトで確保するほのぼのコメディ。	逆ヒロイック, 日常, コメディ, 現代日本	異世界最強の大質量ドラゴンが人間に変身し、教習所で繊細なブレーキ加減やS字クランクに苦戦しながら運転免許取得を目指す。
1771638739588	ダンジョン農業大学へようこそ！　～魔物を肥料に、迷宮で野菜を育てたらSSランク食材ができました～	ダンジョン環境で農業を研究するタクマ。魔物を肥料に育てたバフ付きSSランク野菜を生産し、利権を狙う組織から畑を守るため武装トラクターで立ち向かう農戦士アグリカルチャー。	ダンジョン, 農業, 学園, バトル	ダンジョンの魔物を倒してコンポストにし、チート級の効果を持つ超絶食材のマナ野菜を育てて武装トラクターで戦う。
1771638739588	魔物料理配信『クッキング・モンスター』　～ゲテモノだと思ってたら、星付きレストラン級の味でした～	元シェフのジャンが魔物をフレンチの技法で調理する配信「クッキング・モンスター」を開始。ゲテモノだった魔物が極上料理になる様子が飯テロとなり、魔物食文化が根付き人類限界を広げる。	転生, グルメ, 配信, スローライフ	醜悪な魔物を低温調理やコンフィなどの本格的なフレンチ技法で調理し、極上の星付きレストラン料理に変えて飯テロ配信を行う。
1771638739588	逆転生した暗黒騎士、保育士になる　～泣く子も黙る魔界の将軍が、園児の「せんせい」と呼ばれてデレデレです～	魔界最強の暗黒騎士ガルドが現代に落ち、恩返しで保育園の先生に。子供たちの純真さにデレデレになり、迫りくる追手の魔王軍から子供たちを隠密に全力で殲滅するほのぼのアクション。	逆転生, 子育て, コメディ, アクション	血も涙もない魔界の将軍が現代保育園の先生になり、純真な幼児たちにデレデレになりつつ殺気だけで不審者を撃退する。
1771638739588	俺の部屋がダンジョンのボス部屋と繋がったので、魔王にピザの味を教えてあげた結果	ニートのタツヤの押し入れがダンジョンの最深部に繋がり魔王ヴェルドラと遭遇。宅配ピザを与えたところ魔王がジャンクフードにハマって引きこもり化し、勇者が来てもゲーム実況に夢中になる。	日常ファンタジー, コメディ, 異界繋がり, スローライフ	つながったダンジョンの魔王に宅配ピザやジャンクフードを与えまくり、立派な引きこもりニートにブクブクに堕落させる。
1771638739588	魔王を倒した後の勇者ですが、暇なのでYouTube始めました　～「勇者のライフハック」講座～	平和になってリストラされた勇者アレックスがYouTube配信を開始。聖剣の薪割りや魔法BBQなどの勇者ライフハック動画で主婦層にバズり、邪神に対してもスパチャの応援を力に変えて戦う。	ファンタジー, 配信, 日常, コメディ	リストラされた勇者が聖剣での草刈りや極大魔法でのBBQなど、過剰な力を使ったライフハック系YouTuberになる。
1771638739588	無限収納スキルを手に入れたので、とりあえず敵の城を丸ごとアイテムボックスに入れてみた	容量無制限の【収納】スキルで盗賊の砦から魔王城に至るまで地形ごと亜空間に収納する主人公カイト。自分の領地に魔王城を展開してマイホーム化し、一緒に収納された魔王の娘と同居する。	転生, チート, コメディ, 建築	容量・サイズ制限のないアイテムボックス能力で、敵の軍勢ではなく「城」や「地形」そのものを拠点ごとインベントリに丸飲みする。
1771638739588	転生したらウイルスでした　～魔王の体内に侵入して、風邪をひかせて世界を救います～	異世界のウイルスに転生し、バフやデバフを操って強力な宿主に寄生。家を殺した魔王に怒り魔王の体内に侵入し、白血球とミクロの決死圏バトルを展開。重い風邪を引き起こして魔王を倒す。	転生, 人外転生, マイクロバトル, 医療	自我を持ったウイルスとして生物の体内に感染し、能力のバフ・デバフ操作で魔王の免疫細胞とミクロの決死圏バトルを繰り広げる。
1771638739588	ハズレスキル【ガチャ】で運命を変える　～初回10連で女神様が出たので、人生イージーモードです～	【ガチャ】を持つリクが、初回10連で世界を管理する女神アリアを引き当てる。豪運で聖剣等の最強アイテムを次々引き完全なイージーモードに突入し、ガチャの物量で世界最強になる。	異世界召喚, ガチャ, チート, コメディ	スキルガチャの初回サービス10連で、いきなりチートアイテムの枠を飛び越えて「世界を管理する女神」そのものを引っ張り出す。
1771638739588	人の頭上に『死亡フラグ』が見えるようになったので、全力でへし折って回ります	他人の「死亡フラグ」が見えるアキトはフラグ・クラッシャーとして行動。魔王復活による国家滅亡フラグを折るため、敵のフラグを読み取りながら狂信者の儀式を妨害して運命をへし折る。	現代ファンタジー, 予測, サスペンス, バトル	他人の頭上に見える詳細な死因のテキストを読み取り、先回りして運命のシナリオを物理的にへし折って世界を変える。
1771638739588	悪役令嬢の罠が高度すぎて、逆に主人公をレベルアップさせてしまう件	ヒロインのアリスが悪役令嬢セシリアから嫌がらせを受けるが、セシリアの完璧主義によりダンジョンは優良レベリング場、毒は万能薬となり、アリスを超強化してしまう奇妙な師弟コメディ。	転生, 悪役令嬢, 勘違い, コメディ	悪役令嬢が全力で用意した罠や毒薬が計算されすぎているがゆえに、主人公の最適レベリング場や万能薬として作用してしまう。
1771638739588	回復魔法使いですが、物理で殴って治します　～「痛いの痛いの飛んでいけ」は、痛みを拳に乗せて敵に飛ばす技でした～	「打撃」によって患部の細胞を活性化させる物理ヒーラーのレオ。味方を殴って全回復させ、吸収したダメージを「ペイン・バースト」として敵に叩き込む撲殺ヒーラー伝説。	ファンタジー, バトル, ヒーラー, コメディ	治癒魔法の発動条件が「強烈な物理打撃を部位に加えること」であり、怪我人をボコボコに殴り飛ばして全回復させる狂気のヒーラー。
1771638739588	ダンジョン・コアに転生したけど、殺し合いは嫌なのでテーマパークを作ります　～入場料は魔力でお願いします～	ダンジョン・コアに転生した平和主義の主人公が、魔導コースター等を作るエンタメ系ダンジョンを構築。ワクワクの感情魔力で大繁盛するが、討伐に来た騎士団には絶叫アトラクションで応戦する。	転生, ダンジョン運営, 経営, テーマパーク	血みどろのダンジョンを、感情から抽出する魔力エネルギーで稼働する安全な最先端テーマパークへ大改造する。
1771638739588	スキル【オートマッピング】がバグって、世界中の隠し通路も財宝も全部丸見えなんですけど	シンの【オートマッピング】がバグり、全世界の未踏マップと宝箱だけでなく国家機密やスキャンダルまでリアルタイム表示されるようになる。情報可視化の力を逆手にとって権力者と交渉していく。	ファンタジー, 探索, チート, 情報戦	オートマッピング機能がバグって全世界の地形だけでなく、王様の隠し財産や即死罠などの全てがリアルタイム透視状態になる。
1771638739588	勇者に「お前が魔王だろ」と勘違いされましたが、私はただのゴスロリファッション愛好家です	ゴスロリ愛好家を貫く少女ルナが、その見た目から勇者に「魔王」と誤解される。防犯ブザーや着せ替え人形で無自覚に勇者を退け、魔族からも新魔王と崇拝されて世界をカワイイで征服する。	転生, 勘違い, コメディ, 日常	ただの重度なゴスロリ厨二病ファッションが、異世界の勇者から「漆黒の呪いを纏った魔王」として100％ガチで勘違いされる。
1771638739588	異世界で現代兵器を召喚できるようになったけど、全部エアガンでした　～BB弾でドラゴン倒せるわけないだろ！……あれ？～	【武器召喚】でエアガンしか出せないミリタリー好きケンジが、BB弾に爆発魔力を付与して実弾以上の威力を発揮。土魔法で無限弾薬を作り、FPS装備で魔法使いやドラゴンをミニガンで蹂躙する。	異世界転移, ガンアクション, ミリタリー, 無双	召喚したおもちゃのエアガンのBB弾に「爆発魔力」をエンチャントし、反動ゼロの実質的な連射ロケットランチャーとして乱射する。
1771638739588	ホラーゲームの幽霊に転生したけど、プレイヤーがビビリすぎてゲームが進まない	VRホラーの怨霊に転生した主人公だが、挑戦するプレイヤーたちが悉くビビリで進行不能に。血文字でヒントを出し優しくサポートした結果、「萌えキャラ」として愛されるアイドルホラーゲームに変貌する。	転生, ホラー, VRゲーム, コメディ	ホラーゲームの怨霊になったが、遊ぶプレイヤーが腰を抜かして進まないため、物理的に背中を押したりして手厚くサポートする。
1771638739588	勇者召喚は罠でした　～魔力電池として繋がれた俺たちが、国を停電させて脱出するまで～	クラスごと召喚された魔導国家で生体魔力電池として拘束されたカズマ達。【電気操作】スキルでシステムを逆流させ魔力を暴走させて城のブレーカーを落とし、警備をスクラップにして脱出する。	異世界召喚, SFファンタジー, バトル, 脱出劇	勇者召喚の実態がマトリックスのような生体魔力電池であり、電気操作スキルで城のブレーカーを落として大脱走を図る。
1771638739588	異世界に原子力潜水艦ごと転移した提督、海賊を殲滅して海の覇者になる	原子力潜水艦ごと異世界の海へ転移した東郷艦長。魔法も届かない位置から魚雷で海賊船を粉砕し、海竜王の艦隊に対しても核融合炉の超長距離ミサイルで応戦し、科学の力で海の覇権を握る。	異世界転移, 架空戦記, ミリタリー, 無双	大航海時代にある異世界に最新鋭の原子力潜水艦が現れ、魔法が届く前にソナーと超長距離魚雷で敵艦隊を一方的に海の藻屑にする。
1771638739588	聖女様はネクロマンサー　～「蘇生魔法」の正体が「死体操作」だとバレないように必死です～	奇跡の蘇生聖女の正体は、死体をネクロマンサーの糸で操作して生きてるフリをさせる天才人形使いエレノア。勇者の腐敗防止を隠蔽する中、魔王に同志と目をつけられ火刑綱渡りが始まる。	ファンタジー, ダークコメディ, 勘違い, 偽装	最強の蘇生魔法を使う聖女の正体が死体愛好家のネクロマンサーであり、蘇生した勇者は全て糸で裏から操っているマリオネット。
1771638739588	異世界バトルロイヤルのNPCに転生したけど、安全地帯を知ってるので最後まで生き残ります	神々のデスゲームの「村人A（モブNPC）」に転生した主人公。前世の知識で安置や毒ガス情報を把握し挑戦者を同士討ちさせ安全に生き残り、最後の勝者となって運営の神をぶっ飛ばそうとする。	転生, デスゲーム, 下剋上, 頭脳戦	バトルロイヤルゲームのただの「モブ村人」として参加し、毒ガス範囲などを熟知したチートメタ知識により漁夫の利を得る。
1771638739588	死に戻りスキル【セーブ＆ロード】で、魔王を倒すまで１００万回死にました　～今さら土下座されても許しません～	戦闘力皆無の勇者ミナトが【セーブ＆ロード】で100万回の死を超え敵の予備動作を完全に記憶。魔王のまばたき一つまで見切り、絶望の中で命乞いする魔王を冷徹に攻略する死に戻りの復讐劇。	ファンタジー, ループ, ダーク, 無双	1発食らえば死ぬ虚弱体質ながら、100万回のセーブ＆ロードで魔王の予備動作まで見切る究極の死神と化す。
1771638739588	パーティを追放されたので、魔物労働組合（モンスターユニオン）を結成し、ストライキを起こしました	勇者パーティを追放されたゲンが、魔王軍で酷使されるゴブリンたちに「労働組合」を教えストライキを決行。魔王軍の機能が麻痺して賃上げ交渉に成功し、勇者たちもレベル上げ不能に陥る。	ファンタジー, 内政, コメディ, 労働	魔王軍でパワハラ労働させられている魔物たちに「労働基準」と「スト」を教え込み、魔王軍の軍事機能を物理的に完全停止させる。
1771638739588	この世界はシミュレーションだと気づいた俺、開発者用コンソールを見つけて神になる	世界がシミュレーションだと気づいたソウタが、開発コンソールの神コマンドで無双。システム管理者にBANされそうになるが、人類を守るため全住民に管理者権限を付与し運営と戦争する。	SFファンタジー, チート, メタフィクション, バトル	現実のシミュレーションである異世界でデバッグの神コマンドを直打ちし、世界の物理法則を無視して運営と戦う。
1771638739588	最弱スライムに転生したと思ったら、進化先がクトゥルフ神話の邪神ばかりだった件	スライムの進化先がショゴスなどのSAN値直葬の邪神ツリーだった主人公。周囲に精神汚染を引き起こし勇者も信者になる始末。本人の意思に反して世界を狂気に染め上げるクトゥルフ異世界ファンタジー。	転生, クトゥルフ神話, 勘違い, ダーク	スライム進化の分岐がすべてクトゥルフ系冒涜生物であり、存在自体が周囲を発狂させてカルト教団を作ってしまう。
1771638739588	「異世界転生ブームは終了しました」　女神が転生ゲートを閉鎖した結果、溢れかえる転生者たちのサバイバル	女神のサービス終了宣言により転生者たちのチート能力が全剥奪される。無職のタケルが旧チート転生者たちをまとめあげ、前世の知恵のみで現代都市を構築するチート無しの本当の異世界サバイバル。	異世界サバイバル, 内政, 建国, 群像劇	チート能力を没収された元最強主人公たちが、科学技術と知恵だけで都市を築き上げ再起を図るリアルなサバイバル劇。
1771642144492	電脳都市の悪役令嬢 ～サイバーパンク乙女ゲーで破滅フラグをハッキングして回避します～	サイバーパンク乙女ゲームの悪役令嬢に転生した元ハッカーが破滅フラグをハッキングで回避し、世界崩壊シナリオを防ぐため暗躍する。	サイバーパンク, 乙女ゲーム, 悪役令嬢, ハッキング	悪役令嬢がハッカーとして学園や都市のシステムを掌握し、プログラムを書き換えて破滅を回避する点。
1771642144492	異世界でブラックホールを拾ったので、とりあえずゴミ捨て場にしてみた	社畜から転生した主人公が「ブラックホール生成」スキルをゴミ処理に利用し大成功するが、吸い込んだゴミが未知の資源に変換され異世界の魔王まで吸い込もうとする。	転生, スキル, ゴミ処理, コメディ	危険すぎるブラックホールを「ゴミ捨て場」として事業化し、ゴミ処理で世界を救ってしまう点。
1771642144492	伝説の邪竜ですが、現代日本の猫カフェでモフられてます	異世界の伝説の邪竜が現代日本の猫カフェで子猫になってしまい、「ちゅ～る」やマッサージの虜になりながらも、常連客の元勇者と共に街の平和を守る。	逆転生, 現代日本, 動物, コメディ	世界を滅ぼす邪竜が現代日本の猫カフェで黒猫としてモフられ、人間社会に適応するギャップ。
1771642144492	転生したら聖剣じゃなくて包丁だった件について ～伝説の料理人を目指します～	元剣豪が異世界の人間ではなく「人を傷つけられない呪い付きの包丁」に転生し、落ちこぼれの少年料理人に剣術の極意を料理に応用させて最強の料理人にする。	転生, 無機物転生, 料理, サポート	伝説の剣豪が「包丁」になり、剣技を千切りや皮むきに応用してポンコツ料理人を鍛え上げる点。
1771642144492	コンビニ店長、異世界ダンジョン最深部に出店します ～24時間営業、魔物も勇者も大歓迎！～	過労死した元店長がS級ダンジョンの最深部で無敵のコンビニを開き、勇者と魔王軍が休戦して弁当を食べる中立地帯となって常連客たちとダンジョンを守る。	異世界転移, 経営, コンビニ, コメディ	人類未踏のダンジョン最深部で24時間営業のコンビニを展開し、プレハブ小屋が絶対防御の安地になっている点。
1771642144492	ゴブリンシャーマンに転生したけど、前世の医学知識で部族を救いまくってたら神扱いされた	救急救命医が最弱のゴブリンの赤ん坊に転生し、前世の医学知識を活用して多種族を分け隔てなく治療し、種族を超えた絆で患者たちから神のように崇められる。	転生, 医療, ヒューマンドラマ, 異種族交流	忌み嫌われる最弱ゴブリンが、現代の救急医療技術で種族関係なく命を救い最強の支持を得る。
1771642144492	異世界ダンジョン配信者、登録者数100万人突破しました！ ～スパチャで最強装備をガチャる～	プロゲーマーが異世界の大迷宮に転移し、地球（現代日本）に向けたリアルタイム配信で視聴者のアドバイスとスパチャ（課金）を武器にダンジョンを攻略する。	異世界転移, 配信, ダンジョン, コメディ	異世界の命懸けの冒険を地球に生配信し、視聴者からの「スパチャ」が現地の強力アイテムに変換される点。
1771642144492	悪役令嬢は二度目の処刑をご所望です ～今度こそ華麗に散ってみせますわ！～	処刑された悪役令嬢が過去に戻り、今度こそ完璧な悪女として華麗に処刑されようと意地悪を重ねるが、全てが裏目に出て好感度が上がり聖女扱いされてしまう。	ループ, 悪役令嬢, 勘違い, ラブコメ	「処刑されたい」一心で破滅フラグを立てようとするが、すべての非道な行動が周囲に善意と解釈される勘違いコメディ。
1771642144492	最弱ダンジョンマスターの俺、魔王軍をクビになったので人間と仲良くテーマパーク経営します	魔力の弱い元魔王軍幹部が最弱モンスターたちと一緒にダンジョンを「テーマパーク」に改装し、絶叫マシンや美味しい屋台飯で人間も魔族も夢中にさせる。	経営, ダンジョン, テーマパーク, コメディ	凶悪なはずのダンジョンや魔物を、ジェットコースターやお化け屋敷などのエンタメ施設として再利用する点。
1771642144492	異世界転生したら魔導具屋の「看板」でした ～俺がいないと店が潰れる！？～	倒産寸前の魔導具屋の「看板」に転生した主人公が、鑑定と集客スキル、テレパシーでドジな店主を導き店を大繁盛させ、裏では看板直撃の物理攻撃で敵を倒す。	転生, 無機物転生, 経営, コメディ	動けないはずの「店の外に出ている木の看板」が、テレパシーによる経営コンサルと物理攻撃（顔面直撃）で無双する点。
1771642144492	追放された錬金術師、辺境でスローライフしてたら、作ったポーションが万能薬すぎて国が傾いた	無能と追放された錬金術師が森でスローライフを送りながら作ったポーションが、不老不死や若返りの効果を持つ奇跡の秘薬だったため、世界中から狙われる。	追放, 錬金術, スローライフ, 勘違い	ただの栄養ドリンクのつもりが若返り・寿命延長効果を持つチート秘薬となり、意図せず世界市場を崩壊させる。
1771642144492	悪役令嬢の中身がおっさん（前世：極道）だった件 ～仁義なき学園抗争～	伝説の極道が乙女ゲームの悪役令嬢に転生し、任侠の流儀とカリスマ性で不良生徒をまとめ上げ、ローゼンバーグ組として学園を天下統一して断罪イベントも粉砕する。	転生, 悪役令嬢, 極道, ギャグ	フリフリドレスの悪役令嬢が中身の極道ド根性でヤクザの組を作り、「カチコミ」「シマ」といった任侠ムーブで学園を支配する。
1771642144492	召喚獣に転生したけど、ご主人がポンコツ美少女なので俺が代わりに無双します	魔導師がポンコツ美少女の召喚獣（毛玉）に転生し、彼女の魔法を裏からコントロールして天才に見せかけ、学園のいじめっ子や強敵を密かに無双して守る。	転生, 召喚獣, 学園, サポート	中身はおっさん魔導師のかわいい小動物（召喚獣）が、ドジなご主人の魔法詠唱を陰から徹底的にチートサポートする。
1771642144492	異世界で建築士はじめました ～魔王城のリフォーム承ります！～	現場監督が異世界に転生し、現代建築の知識と魔法で自動修復・快適温度調整の超高性能な魔王城へリフォーム。魔王軍を現場作業員として鍛え上げ、快適すぎて勇者の戦意まで奪う。	転生, 建築, お仕事, コメディ	魔王城の耐震補強や断熱材などの現代の建築・リフォーム技術を持ち込み、快適なスマート城にしてしまう点。
1771642144492	魔石に転生したけど、俺を拾ったのは世界を滅ぼす魔女でした ～魔力供給過多で爆発寸前！？～	過労死した男が魔石に転生し、復讐に燃える魔女の杖にはめ込まれ、爆発寸前の魔力過負荷に耐えながらも彼女を守るために浄化の光を放って奇跡を起こす。	転生, 無機物転生, ダークファンタジー, 絆	破壊をもたらすはずの魔石が元社畜の根性で限界を超え、魔女の復讐心を浄化する奇跡の光を放って人型に進化する。
1771642144492	異世界で宅配便はじめました ～転移魔法でどんな場所でもお届けします！～	元トラック運転手が転移魔法を授かり、安全運転と迅速配達をモットーに戦場や危険地帯へとお弁当や荷物を一瞬で届ける「正義の運び屋」として活躍する。	転移, お仕事, 魔法, アクション	どんな危険地帯でも転移魔法で一瞬にして配達を完了する「チート運送業」で、悪の密輸や人身売買も物理で解決する。
1771642144492	聖女様の寄生生物（パラサイト）になりました ～宿主が可愛すぎるので全力で守護ります～	スライム状の寄生生物に転生した主人公が、心優しき聖女の服や背中に張り付き、彼女に迫る危機を触手や刃で密かに排除し、二人で一つの異形の存在として共闘する。	転生, 人外転生, 聖女, ダークヒーロー	聖女の背中にへばりつく醜悪な寄生生物としての主人公が、バレないように影で敵を殺戮して汚れ役を完璧にこなす。
1771642144492	ダンジョン・インへようこそ！ ～魔王城を最高級ホテルに改装したら、勇者が長期滞在し始めた～	魔王城を受け継いだ経理担当が城を高級ホテル「ダンジョン・イン」に改装。モンスターたちの最高のホスピタリティと温泉に魅了され、討伐に来た勇者が堕落して長期滞在する。	経営, ダンジョン, ホテル, コメディ	魔王城がサキュバスの接客や温泉を備えた超一流リゾートホテルになり、勇者一行が気持ちよすぎて連泊して堕落する。
1771642144492	悪役令嬢の執事ですが、主人が処刑される未来が見えたので裏で暗躍します	公爵家の執事に転生した主人公が、愛する主人の幼い令嬢が将来処刑される予知夢を回避するため、圧倒的なスキルで王子やヒロインのフラグを完全粉砕して裏から支配する。	転生, 執事, 悪役令嬢, 暗躍	有能な執事が過保護のあまり、主の悪役令嬢が何も知らない裏で敵のフラグをへし折り、学園や王国の裏の支配者に祭り上げる。
1771642144492	パパは勇者、ママは魔王。その間に生まれた私の日常（カオス）	世界を救った勇者と魔王が結婚して生まれた娘が、アイドルを目指す。両親の凄まじい夫婦喧嘩や過剰な親バカサポート（勇者軍と魔王軍の混成ファンクラブ）に巻き込まれながら生きる。	ハイファンタジー, 日常, 家族, コメディ	両親が「勇者と魔王」であり、娘のアイドル活動のために世界規模の権力と軍隊（ペンライト持ち）を動員するスケールの大きすぎる親バカ。
1771642144492	伝説の暗殺者ですが、異世界で保育士はじめました ～子供たちのために最強の殺し屋スキルを使います～	最強の暗殺者が異世界の孤児院で保育士見習いとなり、お遊戯や給食当番に暗殺術を応用して教え込みつつ、子供たちを脅かす悪党を殺さずに社会的に抹殺する。	転生, 暗殺者, 保育士, ハートフル	情け容赦ない伝説の暗殺者が保育士になり、子供たちに気配遮断や急所突きを教え込むハートフル（バイオレンス）育児。
1771642144492	魔法学校の落ちこぼれ、実は古代魔法の解読者でした ～禁書庫の番人は最強～	魔力不足で万年最下位の主人公が、禁書庫の古代語を解読し自然魔力を取り込む秘術を習得。底辺から一転、失われた最強の古代魔法で圧倒的な力を見せつける。	学園, 魔法, 古代魔法, 下克上	現代魔法では落ちこぼれだが、解読不能な「古代の魔導書」をスラスラ読める語学力だけで、ルーツである極大魔法を放つ。
1771642144492	魔界のアイドル、人間界でトップを目指す！ ～握手会は召喚魔法で～	魔界のサキュバス姫が人間界（原宿）に降り立ち、魅了魔法を乗せた歌と握手で精気を吸うアイドルとして大ブレイク。追ってきた魔界の刺客やすれ違いの天使アイドルと抗争する。	現代ファンタジー, 悪魔, アイドル, コメディ	サキュバスが魅了魔法と精気吸収の力を使って人間界でリアルな「トップアイドル」になり、物理攻撃で妨害を跳ね返す点。
1771642144492	幽霊屋敷の管理人になりました ～住人は全員、訳ありの異世界転生者でした～	不動産屋の若者が管理を任されたお化け屋敷の住人は、甲冑騎士や魔法使いなどの異世界転生者たち。彼らに現代のルールを教えつつ、異世界からの刺客からアパートを守る。	現代ファンタジー, 逆異世界転生, 群像劇, 日常	地球のボロアパートに異世界のチートキャラたちが住み着き、管理人の地球人が彼らのトンデモ行動の世話焼きをするドタバタ劇。
1771642144492	無人島でスローライフ！ と思ったら、漂着した船が実は魔王軍の旗艦だった	無人島に漂着してサバイバル生活を始めた会社員が、遭難してきた魔王軍の旗艦を救助してしまい、勘違いから「孤島の王」として多種族が暮らす要塞国家を建国させられる。	サバイバル, 勘違い, 建国, コメディ	ただの漂流者が遭難した魔王軍の恩人となってしまい、本人の意思に関係なく無人島が魔王軍の巨大拠点（要塞）に開拓されてしまう。
1771642144492	モブキャラに転生したけど、世界のバグ（壁抜け）を見つけて最強になりました	RPGの村人Aに転生したゲーマーが、マップの亀裂からデバッグルームに入り最強装備を入手。裏技・グリッチを駆使して神（運営）からのBAN回避の逃走劇を繰り広げる。	転生, ゲーム世界, バグ, メタフィクション	ゲーム世界の「壁抜けバグ」や「デバッグルーム侵入」といったグリッチ（不正）を利用して、システム管理者（運営）と直接戦うメタ的な構造。
1771642144492	魔王を拾ったので、テイマーとして育ててみることにしました ～世界征服はダメだよ！～	OLが転生したテイマーとして真っ黒なドラゴンの赤ちゃんを愛情たっぷりに育てるが、その正体は世界を滅ぼす先代魔王の生まれ変わり。愛によって破壊衝動を抑え絶対服従させる。	転生, テイマー, 子育て, ほのぼの	最凶の魔王の生まれ変わりである赤ちゃんドラゴンを、最強の「お座り指令」と母性でしつけて普通の飼い犬のように育てる。
1771642144492	異世界転生した税理士、魔王軍の財政を立て直す ～無駄遣いは許しません！～	過労死した敏腕税理士が魔王軍の財務局長となり、赤字経営の魔王軍にリストラと経費削減を断行。戦争をやめて観光業で外貨を稼ぎ、攻めてきた勇者に賠償金と借金で対抗する。	経営, 経済, 魔王軍, コメディ	魔王軍の破綻寸前の台所事情を、税理士が「無駄金カット」と「観光ビジネス」で立て直し、勇者には武力ではなく「損害賠償請求」で戦う。
1771642144492	異世界報道カメラマン、真実を撮り続けます ～勇者の不正も魔王の素顔もスクープだ！～	戦場カメラマンが異世界で「魔導カメラ」を手に入れ、勇者の水増し請求や心優しい魔王の真実を激写・スクープし、戦争特需で儲ける悪徳貴族などの闇を暴いて世論を動かす。	ファンタジー, ジャーナリズム, カメラマン, 社会派	剣も魔法も使わず、特製「カメラ」一丁で異世界の勇者の不正や魔王の真の姿を「スクープ写真」として拡散し社会をひっくり返す。
1771642144492	悪役令嬢、追放されたので屋台飯はじめました ～伝説のB級グルメで王都を制圧します～	追放された公爵令嬢が前世の知識を活かして屋台を開き、焼きそばや唐揚げなどのB級グルメで貴族も庶民も虜にする。かつての婚約者やヒロインまで胃袋を掴む痛快グルメファンタジー。	追放, 悪役令嬢, グルメ, 経営	高貴な令嬢がソースの匂い漂う「ジャンクな屋台飯」を作り、その魔薬的な味で異世界の高級志向の貴族たちの胃袋を制圧する。
1771642144492	異世界で家庭教師はじめました ～教え子が全員、未来の勇者や魔王候補だった件～	塾講師が異世界で家庭教師となり、物理法則を応用した剣術指導や精神面でのサポートで教え子たちを育成するが、彼らが全員未来の勇者・賢者・魔王になり、世界最強のコネを築いてしまう。	転生, 教育, ヒューマンドラマ, 勘違い	素朴な家庭教師が教えた教え子たちが、後に世界を二分する勇者や魔王のトップに君臨し、先生に絶対の忠誠を誓う最強の派閥となる点。
1771642144492	転生したらスライムだったけど、分裂して国を作っちゃいました ～国民は全員自分（分身）です～	無限に分裂して意識を共有できるスライムに転生した男が、全員自分（鈴木）の分身体だけで労働・戦闘をこなし、超効率的で一切の争いのない巨大な「スライム帝国」を建国する。	転生, スライム, 建国, コメディ	国の王から農民、兵士に至るまで、国民の全個体が「自分自身の分身体のスライム」で構成された究極の自給自足国家である点。
1771642144492	鏡に転生したけど、俺の前では嘘がつけない ～王妃の浮気も、勇者の本性も全部映しちゃうよ？～	王宮の「真実の鏡」に転生した主人公が、前に立った人物の本心や過去の罪を強制的に映像化してしまう能力を持ち、勇者の裏の顔など世界中の秘密を暴露しまくって脅迫する。	転生, 無機物転生, 暴露, コメディ	動けない「鏡」でありながら、対象の黒歴史や本当の姿を強制的に生中継し、社会的に抹殺できる力で勇者をも脅迫して旅をする。
1771642144492	異世界弁護士、モンスターの冤罪を晴らす ～ゴブリンにも人権はあります！～	人権派弁護士が人間至上主義の異世界でモンスター専門の法律事務所を開き、冤罪をかけられたゴブリンなどの無実を法廷で論破。暗殺者には救った魔物たちの武力で対抗する。	法廷, 裁判, モンスター, 社会派	異世界の差別的な法体系に立ち向かい、「モンスターの人権」を主張して現代の法廷戦術で無罪を勝ち取っていくリーガルファンタジー。
1771642144492	異世界で釣りバカ日誌 ～伝説の魔物も釣れちゃいます～	釣り好きリーマンが異世界に飛ばされ、次元釣りの能力でクラーケンから空飛ぶドラゴンまで次々と伝説の魔物を一本釣りしては調理して食べ、気づけば超人化して魔王軍の海竜をも狙う。	異世界転移, 釣り, グルメ, コメディ	どんな伝説の巨大魔物であっても、釣り竿一本と空を飛ぶキャスティング技術で「魚」として釣り上げ、絶品料理に変えてしまう。
1771642144492	スキルハンターに転生したけど、俺だけ奪う条件が「感謝されること」だった件	相手からスキルを強奪するチート能力を得たが「心から感謝されること」が条件だったため、必死に人助けやお悩み相談をして、敵すらも味方に変えながら最強の英雄になっていく。	転生, スキル强奪, 人情, 成り上がり	凶悪な「スキル強奪」の発動条件が「相手の深い感謝」であるため、戦闘中だろうと敵の肩を揉んだり悩みを解決して無理やりスキルをもらう。
1771642144492	古代遺跡のゴーレムに転生したけど、暇すぎるから迷い込んだ冒険者を全力で接待してみた	数千年の暇を持て余した最強の守護ゴーレムが、冒険者を喜ばせたくて遺跡を安全なテーマパークに大改造。お茶やお菓子で手厚く接待し、遺跡荒らしは古代兵器のビームで排除する。	転生, ゴーレム, 日常, 勘違い	無機質で恐ろしい古代兵器（ゴーレム）が、寂しさのあまりトラップをふかふかクッションに変え、冒険者にお茶を出して全力接待する。
1771642144492	モンスター専門の不動産屋はじめました ～ドラゴン様、火口付近の物件はいかがですか？～	住宅営業マンが魔族の領土で不動産業を始め、ゴブリンに廃坑、ドラゴンに火口の洞窟など最適なマイホームを紹介。魔族の住環境を改善し、攻めてきた勇者は不法侵入と損害賠償で追い返す。	転生, 不動産, ビジネス, 魔族	魔物たちの「住まいの悩み」を現代の不動産営業のスキルで解決し、勇者の襲撃を「私有地への不法侵入」という法律的観点から撃退する。
1771642144492	勇者パーティーを追放された荷物持ち、実は最強のアイテムボックス使いでした ～伝説の武器も薬も出し放題～	追放された荷物持ちの少年が、「無限収納」と「アイテムコピー」のスキルを使って伝説の武器や無限の回復薬を量産し無双。のちに全滅寸前の勇者たちを服従させ、魔王の兵器すら収納する。	追放, アイテムボックス, 無双, 下克上	荷物持ちとして預かっていた勇者の最強装備を「コピー」して自ら使用し、逆に物資が尽きた元勇者パーティーを奴隷のようにこき使う。
1771642144492	悪役令嬢のママに転生したので、娘を幸せにするために歴史改変します！	歴史小説好きの主婦が悪役令嬢の母親に転生し、娘が将来処刑される運命を回避すべく、前世の育児と歴史の知識を駆使して王太子の婚約を変更し、黒幕の陰謀から家族を守る。	転生, 悪役令嬢, 育児, 歴史改変	悲劇のヒロイン（娘）ではなく「その母親」に転生し、主婦としての育児スキルと歴史オタクの予測で、娘を破滅から全力で引き剥がす。
1771642144492	異世界から帰還した勇者ですが、現代日本で魔法を使ってユーチューバーになります	魔王を倒して現代日本に戻ったがホームレスになった元勇者が、炎や飛行などの本物の魔法をYouTubeで生配信して大バズり。逃走劇を繰り広げながら、追ってきた魔王と生配信バトルをする。	逆転生, 現代日本, 配信, アクション	異世界帰りの魔法の力を隠さずに「YouTuberのネタ」として大っぴらに全世界配信し、政府の追手すらもエンタメとして捌く点。
1771642144492	悪役令嬢、断罪されたので冒険者ギルドの受付嬢になります ～Sランク冒険者が全員元婚約者候補なんですけど～	追放されて自由になった元令嬢が冒険者ギルドの受付嬢になるが、Sランクに昇格した元婚約者候補たちが次々と現れて求愛合戦を開始。最後は受付嬢自ら聖剣を抜いて魔王軍の幹部を排除する。	追放, 悪役令嬢, 受付嬢, ラブコメ	断罪して彼女を手放したイケメンたちが全員冒険者となってストーカー化し、それを冷酷にあしらいつつ自ら聖剣で無双する受付嬢。
1771642144492	ウイルスに転生したけど、宿主の勇者がアホすぎて死にそうなので強化してあげる	ウイルスに転生しアホな勇者の体内に寄生した主人公が、宿主を死なせないために細胞を活性化・超強化し、細菌兵器やがん細胞と体内ミクロワールドで死闘を繰り広げる。	転生, ウイルス, 細胞, バトル	勇者自身の力ではなく、体内の「ウイルス」が筋肉や神経を超強化し、細胞レベルで病原菌とバトルして宿主の命を繋ぐミクロの決死圏。
1771642144492	ヒロインのママは元・伝説の冒険者 ～娘の恋愛事情が心配なので、こっそりついて行きます～	勇者パーティーに選ばれた娘を心配した過保護な母親（元・最強の伝説の戦乙女）が、仮面を被ってこっそり旅に同行し、魔物を瞬殺したり娘の恋愛事情に干渉したりして裏から守り抜く。	家族, ドタバタ, 最強, 隠居	ただの田舎の主婦が実は最強のSランク冒険者で、フル装備で娘のパーティーをストーキングしながら勇者のセクハラや魔王軍を粉砕する。
1771642144492	異世界鉄道の車掌はじめました ～魔王城行き、発車しまーす！～	鉄道オタクが魔法と科学の異世界で蒸気機関車の車掌になり、魔物だらけの魔界線で鉄道への愛とルール厳守のダイヤで乗客（魔族）の支持を獲得し、テロリストを切り離しなどの機転で退ける。	異世界転移, 鉄道, お仕事, アクション	剣と魔法の世界に「鉄道（蒸気機関車）」の概念を持ち込み、魔物相手にも「切符やマナー」を徹底させる熱血鉄道オタクの車掌。
1771642144492	悪役令嬢のパパですが、娘が可愛すぎて断罪なんてさせません！ ～国王だろうと叩き斬る～	前世の記憶を持つ最強宰相が悪役令嬢に育つ愛娘を溺愛し、娘が王太子に断罪されそうになると国家権力をフル動員して王太子を論破・脅迫し、周囲の敵を外交圧力でねじ伏せる。	転生, 親バカ, 悪役令嬢, 政治力	主人公本人が悪役令嬢本人ではなく「圧倒的権力を持つ親バカの父」であり、魔法や剣ではなく政治的な「外交圧力」で王族を捻り潰す。
1771642144492	伝説の魔法使いの杖に転生したけど、持ち主が魔法を使えない脳筋戦士だった件	大賢者の杖に転生したが、魔法適性のない脳筋女戦士に拾われ打撃武器（撲殺）として酷使され、魔力暴発を物理ダメージに乗せる「魔法剣（物理）」として大魔導師と戦うはめになる。	転生, 杖, 物理, バディ	知的な魔法の杖が究極の脳筋戦士に拾われ、鈍器としてフルスイングされながら強制的に魔力暴発（物理属性）を引き起こすカオス。
1771642144492	異世界インフルエンサー、女神様の信者を増やすためにバズらせます！	異世界に落ちたSNS中毒の女子高生が、信者ゼロのポンコツ女神をプロデュース。「SNSスキル」で踊ってみた動画や炎上商法、暴露を駆使して世界中に信者を増やし、他の敵対神々をバズの力で倒す。	異世界転移, SNS, 信仰, プロデュース	「神への信仰心」を「SNSのフォロワー・バズ」に置き換え、現代のマーケティングや炎上の力で敵対する無骨な戦神たちを社会的に叩き潰す。
1771642144492	ダンジョンの宝箱に転生したミミックですが、中身がゴミばかりで冒険者が来ません	中身が空っぽのミミックに転生した主人公が、自給自足でドロップアイテムを集めて中身を豪華にし、冒険者にレアアイテムをばら撒く気前のいい「ダンジョンの神様」として崇められ守られる。	転生, ミミック, 人外転生, ほのぼの	本来人を襲うトラップであるミミックが、自ら働きに出てお宝を貯め込み、ただ冒険者を驚かせて全財産をプレゼントする謎のサンタクロースになる。
1771642144492	異世界の神様、引退します ～これからは転生者に任せて、ハワイでバカンス楽しみます～	転生者を送り続ける激務に疲れた女神が職務放棄してハワイへバカンスへ。神不在の異世界がカオス化し、崩壊寸前の世界を救うためハワイに来た最後の逆転生少年と共にしぶしぶ秩序を取り戻す。	神様, メタフィクション, バカンス, コメディ	世界を司る女神が「ブラック労働」を理由にハワイに逃亡し、全転生者のチートが暴走した世界を、神の指パッチンとデコピンで強引に修正する。
1771643353723	AI神官とバグだらけの異世界：デバッグから始める宗教改革	2045年、シンギュラリティに到達した超高性能AI「デウス」の開発主任であった神宮寺 衛は、AIの暴走を止めるための強制シャットダウンコードを入力した瞬間に意識を失い、剣と魔法の世界へ。彼の頭の中にはAIデウスが宿っており、この世界の「バグ（脆弱性）」を修正していく。	サイバーパンク, AI, 宗教改革, デバッグ	魔法システムの欠陥（バグ）をAIの演算能力で「デバッグ」し、奇跡として崇められる点。
1771643353723	魔導プログラマー：古代ルーン文字をハックせよ	過労死したデスマーチ中のプログラマーが異世界へ転生。古代ルーン魔法が非効率なスパゲッティコードだと見抜き、「リファクタリング」で魔法体系に革命を起こす。	プログラミング, ハッキング, 魔法, 下克上	古代のルーン文字をプログラミング言語として解読し、ループ処理やif文を使って魔法を最適化（ハック）する点。
1771643353723	ナノマシン・アルケミスト：ゴミから作る最強装備	医療用ナノマシンと融合した最先端研究者がスラム街の孤児に転生し、ナノマシンの再構築能力でゴミから最高級の装備や特効薬を作り出し、無力な民を救う。	ナノテクノロジー, 錬金術, サイエンスファンタジー, 無双	魔力を使わず、体内のナノマシンで原子レベルでの物質の分解・再構築を行い、ゴミからチートアイテムを生み出す点。
1771643353723	異世界Wi-Fi計画：通信インフラで世界を繋ぐ	通信キャリアのエンジニアが異世界へ転移。魔法で電波を飛ばす「魔導無線技術」を発明し、通信網が未発達な世界にリアルタイム通信網（Wi-Fi）とSNSを構築する。	通信インフラ, ビジネス, 革命, 現代知識	魔法を応用して「基地局」や「スマホ」のような通信ネットワークを作り上げ、情報格差をなくしていく点。
1771643353723	スチームパンク・マギア：蒸気と魔法の産業革命	蒸気機関マニアの機械工学士が中世レベルの魔法世界に転生。魔石を燃料とする「魔導蒸気機関」を発明し、蒸気自動車やパワードスーツで魔法至上主義を打ち破る。	スチームパンク, 産業革命, メカニック, 下克上	限られたエリートしか使えない魔法に対し、誰でも恩恵を受けられる「蒸気機関」で社会の構造を根底から変える点。
1771643353723	転生ドルイドのカーボン・オフセット：植林でレベルアップ	環境保護活動家がエルフのドルイドに転生し、産業化で汚染された異世界で「光合成」スキルを使い森を蘇らせ、企業にカーボン・オフセットを義務付ける緑の条約を提唱する。	環境保護, エコロジー, スローライフ, 建国	魔法による自然破壊に対して、地球の「SDGs」や「カーボンオフセット」の概念を持ち込んで世界的な植林活動を行う点。
1771643353723	ゼロ・ウェイスト・ダンジョン：ゴミを出さない迷宮経営	節約主婦がダンジョンの主となり、冒険者が残したゴミを肥料やリサイクル品に変え、清潔でエコな「ゼロ・ウェイスト」対応のダンジョンを経営し大繁盛させる。	エコ, ダンジョン経営, スローライフ, コメディ	不衛生なダンジョンを掃除・リサイクルで「エコテーマパーク」に変え、不法投棄する冒険者を物理的に排除する主婦の逞しさ。
1771643353723	ソーラー・マギ・システム：太陽光で無限魔力	太陽光発電エンジニアが魔力枯渇世界に転移。太陽光を魔力に変換する「ソーラー・マジック・パネル」を開発し、クリーンな無尽蔵のエネルギーで魔力・資源戦争を終わらせる。	エネルギー革命, エンジニア, 太陽光, 政治闘争	既存の魔力回復手段を廃し、「メガソーラー」のように太陽光で魔力を集めて夜間や戦闘でも無限供給するシステム。
1771643353723	異世界コンポスト：微生物転生で土壌改良	農学部の大学院生が土壌細菌（微生物）に転生し、分解と増殖の力で荒れた土地を最高の栄養素を持つ農地へと変化させる。地中の菌糸ネットワークで侵略者とも戦う。	転生, 微生物, 農業, スローライフ	主人公が肉体すら持たない「土壌細菌」であり、土の中から農業革命を起こし食物連鎖の底辺から世界を救う点。
1771643353723	サーキュラー・キングダム：循環型社会を作ろう	環境経済学教授が小国の王子に転生し、リニア経済で破綻寸前の国を、すべての無駄を再利用する「サーキュラーエコノミー（循環型経済）」に改革して理想郷を作る。	経済, 政治, 建国, エコロジー	製品の長寿命化やシェアリングを導入し、「ゴミゼロ」のサーキュラー・エコノミーを国家レベルで実践し大国を圧倒する。
1771643353723	ブラックギルド改革担当：ホワイト化でSランク冒険者を集めろ	人事部長がブラックギルドの代理マスターに転生。労災や有給休暇などの就業規則を整備し、ホワイトな環境で冒険者の生存率を劇的に上げ、Sランクを引き抜いて最強ギルドにする。	ギルド経営, 労働環境改善, ビジネス, コメディ	異世界に「労災」「360度評価」といった現代の労務管理を持ち込み、ブラック労働を駆逐していく企業改革劇。
1771643353723	魔王軍買収計画：M&Aで世界征服	M&Aスペシャリストが異世界に転生し、資金難の魔王軍を「株式会社化」して資金調達。勇者をヘッドハンティングし、経済力で人類の国を敵対的買収していく。	経営, 経済戦, M&A, ビジネス	武器や魔法ではなく、「株公開」「ストックオプション」「空売り」といった金融・買収テクニックで世界を支配する点。
1771643353723	異世界ロジスティクス：転移魔法で「即日配送」	物流コンサルタントが異世界でテレポート魔法使いをまとめた「即日配送ネットワーク」を構築し、ハブアンドスポークや追跡システムを導入して物流革命を起こす。	物流システム, ビジネス, 経営, アクション	高コストな転移魔法をラストワンマイルの配送に特化させるハブ＆スポーク方式など、リアルな物流論で異世界の流通を変える。
1771643353723	ベンチャーキャピタル勇者：有望パーティに投資せよ	伝説の投資家が異世界で若手冒険者パーティに「シードマネー」を投資し、マーケティングや編成を指導。圧倒的なリターンを生み出す最強のスポンサーとなる。	投資, ビジネス, 育成, 経済	自らは戦わず、「ベンチャーキャピタリスト」として勇者に投資してリターン（魔王討伐報酬など）を得る新しい勇者ビジネス。
1771643353723	ポーション・フランチャイズ：魔法薬をスタバ化せよ	カフェ経営者がまずいポーションを改良し、「カフェ・ポーション」としてフランチャイズ展開。魔導エスプレッソマシンで世界中にマニュアル化された薬屋チェーンを作る。	フランチャイズ, カフェ経営, ビジネス, グルメ	苦い薬を美味しくお洒落な飲み物にアレンジし、「スタバ」のような店舗展開とマニュアル化で世界シェアを奪う。
1771643353723	ダンジョン配信者：ドローン魔法で生中継	底辺動画配信者が生死を懸けたダンジョン探検をドローン魔法で生配信。視聴者からの声援と「投げ銭」で無名の底辺からトップランカーの冒険者に成り上がる。	配信, 実況, ダンジョン, 成り上がり	ダンジョンの死闘をエンタメとしてリアルタイム配信し、コメントやスパチャ（支援）の力で強化されていく現代的アプローチ。
1771643353723	異世界キャンセルカルチャー：噂で人を呪い殺せ	週刊誌の記者が「言霊」の力が強い異世界でゴシップ新聞を発行。大衆の噂（炎上）をコントロールし、不正な貴族や勇者の力を弱体化させて社会を浄化（私刑）する。	情報戦, サイコサスペンス, マスメディア, 言霊	剣や魔法ではなく、「スキャンダル暴発による炎上」というキャンセルカルチャーの力で対象を呪い殺すダークな展開。
1771643353723	魔導チュートリアルOnly：エッチな配信じゃありません	教育系YouTuberが魔術初心者向けの通信教育サービスを開始するが、親切すぎる指導と可愛いアバターのせいで「えっちな個人授業」と勘違いされ、隠れ魔法使いを大量生産してしまう。	YouTuber, 勘違いコメディ, 教育, 魔法	真面目な教育動画が「えっちな配信」だと世界中から誤解され、結果的に世界最高レベルの隠れ魔術師軍団が量産される。
1771643353723	踊ってみたサモナー：TikTokダンスで召喚魔法	ダンサー志望の少女が、古めかしい召喚の舞を「TikTokダンス」や「ヒップホップ」にアレンジし、精霊たちもノリノリで躍らせる神召喚アイドルとしてバズる。	ダンス, アイドル, 召喚術, 音楽	堅苦しい儀式の踊りを、現代のキャッチーなストリートダンスにして神や精霊の心を掴む斬新な魔法。
1771643353723	VR神（ゴッド）：ゲームの世界が現実に	VRMMO開発者が自分の作ったゲーム世界に転移し、バグや隠しデータを駆使して「神」として君臨。暴走する他の転生プレイヤーをBAN（討伐）していく。	VRMMO, デバッグ, 最強, サバイバル	開発者としての圧倒的な知識でゲームの仕様をハックし、プレイヤー（神気取りの転生者）を制裁する管理者権限バトル。
1771643353723	メンタルケアギルド「止まり木」：冒険者の心、癒やします	臨床心理士が戦争でPTSDになった冒険者専門のカウンセリング診療所を開設。魔法では治せない心の傷を対話で癒やし、最強の兵士たちを前線に復帰させる。	カウンセリング, ヒューマンドラマ, 心理療法, 医療	身体の回復魔法ではなく、「認知行動療法」などの現代心理学的手法で壊れた冒険者のメンタルを修復していく人間賛歌。
1771643353723	アートセラピー・ウィッチ：絵筆で彩る平和	色彩を失った世界に転生した美大生が、描いた絵を実体化させる力で色々とワークショップを開き、戦災孤児たちと共に世界をカラフルに塗り替えていく。	アート, 魔法, ハートフル, ファンタジー	色が失われた世界で、絵の具という名の魔法を使って物理的にも精神的にも「色」を取り戻していくアートセラピー。
1771643353723	エンパシー・ヒーラー：痛みを共有する聖女	患者の痛みを自分に移し替える「共感」スキルを持つ看護師が、激痛の呪いを受けた勇者の苦しみを肩代わりしながら究極の自己犠牲と愛で人々を救済する。	医療ファンタジー, 聖女, 恋愛, ダーク	一方的な魔法による回復ではなく、痛みを「肩代わり」して苦しみを分かち合うことで救う、過酷なヒーラーの姿。
1771643353723	魔界のセーフスペース・カフェ：魔王様も愚痴りたい	魔界に転生した喫茶店マスターが、戦いに疲れた魔族たちにコーヒーを提供し、魔王までもが愚痴をこぼしに来る「安全地帯」としてのカフェを切り盛りする。	カフェ経営, ほのぼの, 魔族, スローライフ	敵であるはずの凶悪な魔族や魔王が、一杯のコーヒーで争いを忘れ、普通のサラリーマンのように世間話をして癒やされるギャップ。
1771643353723	魂の音楽療法士（バード）：リュートで鬱を晴らせ	音楽療法士が楽器一つで種族間の対立や戦意を音楽の力（癒やしと物理的衝撃波）で鎮め、言葉の通じない世界で平和の旋律を奏でる。	音楽, バード, ヒューマンドラマ, 冒険	音楽療法によって敵のトラウマや鬱を晴らし、さらには音楽を物理的な音波兵器としても活用して世界を巻き込む。
1771643353723	仙道ファンタジー：気功でドラゴンを殴り倒せ	気功の達人が魔法至上主義の西洋ファンタジーに転生し、魔法防壁を素手で粉砕し、魔法使いの弟子に「仙道魔術（物理）」を叩き込む東洋武術アクション。	東洋ファンタジー, 武術スキル, 師弟, バトル	詠唱の長い魔法に対し、鍛え抜かれた「気」と気の流れを読む武術で、ドラゴンや大魔法を物理的に殴り倒す爽快感。
1771643353723	サイバー侍と魔法の国：刀で魔法を斬り裂け	サイバネティクス改造されたサイバーパンク世界の「侍」が魔法世界へ転移。高周波ブレードで魔法式を斬り裂き、バッテリー切れに怯えながら魔力発電を移植して無双する。	サイバーパンク, 侍, 剣戟アクション, SF	魔法（オカルト）の概念をデータや物理現象として捉え、科学忍具の刀で魔法を真っ二つに切り裂くサイボーグ侍の戦闘。
1771643353723	アステカの太陽神官：心臓（ハート）を捧げよ	考古学者が中世ファンタジー世界でアステカの太陽神の力を授かり、敵の心臓を生贄にして太陽を昇らせる邪教（？）の神官として正教会と戦争をする。	神話, ダークファンタジー, 宗教戦争, アクション	王道の西洋ファンタジーに、生贄を極端に要求する「アステカ神話」の血生臭い信仰を持ち込み、ジャガーの戦士などを召喚する点。
1771643353723	シルクロード・マーチャント：東西をつなぐ架け橋	貿易商社の商人が、西洋風と東洋風に分断された異世界の間に「シルクロード」を切り拓き、文化と経済の交流を行って戦争中の国家を商業で繋ぐ。	貿易, 経済, 商人, ロマン	分断された2つの大陸の間で、ラクダに乗って特産品を売り買いするシルクロード交易のロマンを異世界で再現。
1771643353723	異世界ジニー（精霊）：願い事は３つまで	ランプの魔人（ジニー）に転生した古物商が、強欲な持ち主たちの願いの裏をかいて皮肉な教訓を与えつつ、一人の少年のために自由を求めて旅をする。	アラビアンナイト, コメディ, 人外転生, 知略	最強の力を持つが自発行動できないランプの魔人として、召喚者のズルい「願い事」を曲解してしっぺ返しを食らわせる点。
1771643353723	悪役令嬢、デバッガーとして覚醒する：バグ技で王子を攻略？	乙女ゲームプログラマーが悪役令嬢に転生。壁抜けやアイテム増殖などの「バグ技」を駆使して断罪イベントをスキップし、ラスボスバグによる世界ダウンを防ぐ。	ゲームデバッグ, 悪役令嬢, メタフィクション, ラブコメ	「開発者権限」や「グリッチ（バグ技）」を使って、乙女ゲームのシナリオやシステムを強引に破壊し進めていくハチャメチャさ。
1771643353723	執事無双：悪役令嬢のために国を滅ぼしますか？	最強のSPが追放寸前の悪役令嬢の執事に転生。完璧なマナーと圧倒的戦闘力で、暗殺者から軍隊まで全てを単騎で排除し、彼女の笑顔のために国すら乗っ取る。	最強執事, アクション, 悪役令嬢, 成り上がり	執事の皮を被った最強のSPが、紅茶を淹れるついでに国軍を壊滅させるような、過剰な護衛と溺愛。
1771643353723	クトゥルフ乙女ゲーム：攻略対象は邪神様	オカルトマニアのヒロインが、攻略対象が全員クトゥルフ神話の「邪神（ニャルラトホテプなど）」の乙女ゲームに転移。正気度（SAN値）を削られながら彼らと恋愛する。	クトゥルフ神話, 乙女ゲーム, ダークファンタジー, ラブコメ	イケメンに見える攻略キャラの本性が「名状しがたき邪神」であり、甘い誘惑がそのまま精神崩壊の罠になっているギャップ。
1771643353723	ヒロインは詐欺師：悪役令嬢の経済学	経済学部の学生が濡れ衣を着せられた悪役令嬢に転生。清純派を気取るヒロインの不正を「相場操縦」や「通貨操作」などの経済学的アプローチで完膚なきまでに叩き潰す。	経済学, 悪役令嬢, ざまぁ, ビジネス	泥棒猫なヒロインへの復讐を、魔法の決闘ではなく為替操作や流行の暴落といった「経済戦争」で遂行する知的ざまぁ劇。
1771643353723	モブ令嬢の優雅な読書生活：邪魔しないで	本を読むことしか興味がない図書委員が乙女ゲームのモブ司書に転生。静かに読書したいのに、本で得た知識が数々の事件を解決してしまい、周囲から崇められてしまう。	本好き, 勘違い, 日常, モブ視点	絶対に事件に関わりたくないモブ令嬢が、図書館で読んだ雑学のおかげで勝手に王族の裏のブレインにされてしまうすれ違い。
1771643353723	迷宮テーマパーク：死ぬほど楽しいダンジョン	テーマパーク設計士がダンジョンマスターになり、殺伐とした迷宮を「安全で楽しいアトラクション化」。魔物も着ぐるみ扱いで、本物の魔王軍すらエンタメとして迎撃する。	ダンジョン経営, アミューズメント, 経営, コメディ	死と隣り合わせのダンジョンを、ディズニーランドのような極上のエンタメ施設としてプロデュースし、入場料を荒稼ぎする。
1771643353723	ソロキャン・ダンジョン：お一人様のサバイバル	ソロキャンパーがダンジョンのセーフエリアでテントを張り、無限収納のキャンプギアで絶品キャンプ飯を作り、ボスモンスターすらも焚き火の客にしてしまうスローライフ。	ソロキャンプ, グルメ, スローライフ, ダンジョン	過酷なダンジョン深奥で、一人だけ「ゆるキャン」のような優雅なサバイバル生活を堪能している平和な空気感。
1771643353723	塔の清掃員：英雄の後は俺が拭く	ビルの清掃員が天を突く試練の塔で清掃係に。彼の「浄化」スキルがバグを防ぐメンテナンスの役割を果たしており、英雄たちが汚した塔を裏でひたすらピカピカにして世界を救う。	お仕事, 日常, 陰の実力者, ファンタジー	華々しい活躍をする勇者たちの陰で、彼らが散らかしたゴミや血痕を「完璧な掃除」で元に戻す世界最強の清掃員の物語。
1771643353723	ミミック転生：宝箱の中身は俺だ	強欲ハンターが宝箱（ミミック）に転生。体内の四次元ポケット能力で伝説の武器や美味しい食料を吐き出し、少女の超便利ペットとして世界中から狙われる。	転生, 人外転生, アイテムボックス, バディ	人を襲うミミックの中身が、ドラえもんのポケットのように何でも出せる「最強の自販機」として少女をサポートする。
1771643353723	ファンタジー・バトルロイヤル：銃と魔法の生存競争	元FPSプロゲーマーが、100人で殺し合う異世界バトルロイヤル（PUBG風）に参加。現代兵器（ミリタリー）とゲームの戦術を駆使して、魔法使いや重戦士を狙撃・爆殺する。	バトルロイヤル, FPS, サバイバル, ミリタリーアクション	剣や魔法のファンタジー世界で「安置収容」「ショートカットキー」などのゲーム用語と銃火器で戦い抜く異様な戦場。
1771643353723	魔導タトゥー彫師：肌に刻め、最強の術式	タトゥーアーティストが、肌に彫るだけで永続発動する「生きた魔法陣（刺青）」を冒険者たちに彫りまくり、最後は自分自身を最強の魔軍兵器へと改造して帝国と戦う。	アート, アクション, バトル, パンク	杖や呪文を必要とせず、「肌に彫られたタトゥー（魔法陣）」から直接超火力の魔法を放つパンクロックな戦闘スタイル。
1771643353723	コスプレ・サモナー：衣装で変わる私のスペック	コスプレイヤーが、作った衣装を着ることでそのキャラのステータスやスキルが憑依する能力を得る。戦況に合わせて魔法少女や忍者へ次々に早着替えして無双する。	コスプレ, 変身ヒロイン, クラフト, バトル	着替える服によって魔法使いから剣士、アイドルまでジョブチェンジし、素材を求めてモンスターを狩るコスプレクラフター。
1771643353723	ゴーレム陶芸家：粘土細工が動き出す	人間国宝の陶芸家が、ろくろを回して芸術的かつ超高度な強度の「陶器のゴーレム」を作り出す。伝統工芸の粋をつめた白磁や青磁の兵士が敵勢力を粉砕する。	職人, ゴーレム, 芸術, 建国	土属性の魔法でなく、「職人のろくろ回しと窯の温度管理」によって神の如き頑丈さを持つ美しい陶器アートロボットを作る。
1771643353723	分子ガストロノミー：魔法料理は科学の味	三ツ星シェフが魔法と分子調理法（科学的アプローチ）を組み合わせ、液体窒素魔法のソースなど未体験の食感・視覚で異世界の料理界に革命を起こすグルメ大戦。	グルメ, 科学料理, 料理バトル, ファンタジー	美味しさの限界を超えるために、炎で焼くのではなく「最新の科学知識」と魔法を掛け合わせて究極の最先端料理を生み出す。
1771643353723	異世界ラノベ作家：識字率向上委員会	ラノベ作家が娯楽のない異世界で「俺TUEEE本」を発表。続きが読みたいという民衆の欲求で識字率が爆発的に向上し、投稿サイト的な仕組みまで作る文化レベル革命。	文芸, 出版, スローライフ, 本好き	異世界の住人に「ライトノベルの面白さ」を叩き込み、エンタメの力で農民から騎士までが文字を必死に覚えるというアプローチ。
1771643353723	転生したらセーブポイントだった件：勇者の休息所	ゲーマーがダンジョンの入り口にある「セーブポイントの石」に転生。触れた者の記憶（セーブ）と命をバックアップし、死に戻りを可能にする機能で神として崇められる。	無機物転生, ゲームシステム, ダークファンタジー, 陰の実力者	自分は動けない「石」だが、彼に触れるだけで勇者が「死に戻り」できるようになるという、世界のシステムをハックした存在。
1771643353723	チュートリアルNPCの自我：勇者を導くのは僕だ	ゲームのチュートリアルNPCが自我に目覚め、定められたセリフを無視してプレイヤーに最強の裏ルートを案内し始め、運営の放つ削除パッチ（執行者）と戦う。	AI, NPC視点, サイバーパンク, メタフィクション	「またこのセリフかよ」と世界にウンザリした案内役AIが、システム（ゲーム運営）に抗ってプレイヤーを導く意思を持つ点。
1771643353723	RTA（リアルタイムアタック）勇者：世界救済まで3分	RTA走者が転生し、壁抜けやイベント無視のグリッチを使って王様の話をスキップし、魔王が目覚める前に3分で物理的に首を刈り取る最速の世界救済。	RTA, ギャグ, アクション, メタフィクション	世界を救うための旅情やレベリングを完全無視し、「イベントスキップ」と「壁抜け」でRTAチャート通りに魔王を瞬殺するギャグ。
1771643353723	ジャンケン・ワールド：グーはパーに勝てない	裏カジノのギャンブラーが、全ての争いが「ジャンケン」で決まる異世界で、ブラフや筋肉の動きを読む後出しの神業で「ジャンケン王」として国取り合戦に挑む。	ギャンブル, 心理戦, バトル, コメディ	魔法も剣も意味をなさず、原始的な「じゃんけん」のルールのみで、チートじみた心理戦と動体視力で最強に上り詰める点。
1771643353723	読者が主人公：あなたの選択で世界が変わる	文字の世界に入り込んだ少年が、「文章の書き換え（エディット）」能力を持たされ、作者の考えた悲劇的ストーリーに抗ってハッピーエンドをもぎ取るメタ物語。	メタフィクション, 本の世界, 異世界ファンタジー, 文学	物語の「読者」である主人公が、世界を支配する「作者（神）」のシナリオに対して、直接本文を編集（修正）して抗う構造。
1771648328735	整体師は異世界で骨を鳴らす　～勇者の腰痛を治したら、パーティの生存率が１００％になりました～	ゴッドハンド整体師が異世界で勇者や魔王の体の歪みを矯正。万全の体調になった彼らは戦争をする気力を失い、健康的な平和が訪れる。	転生, 医療, 整体, 健康	「世界の歪み」ではなく「骨盤の歪み」を治すことで、勇者のスペックを最大化し世界を救う。
1771648328735	調香師はフェロモンで国を傾ける　～追放された王女ですが、私の作った香水で隣国の皇帝がメロメロです～	香りで人の感情や行動を操る調香師が、フェロモン香水で皇帝を籠絡し、戦争さえも無力化して世界を支配する。	転生, 調香師, 悪役令嬢, 復讐	剣や魔法ではなく、「匂い（嗅覚）」という防ぎようのない感覚をハックして、皇帝や軍隊を支配する。
1771648328735	異世界葬儀屋：アンデッドを安らかに　～「生き返りたい」なんて言わせません、最高の最後を提供します～	納棺師が、死者がゾンビ化する世界で「正しい葬儀」を行い、死者を満足させて成仏させる。アンデッドさえも顧客になる葬儀屋バトル。	転生, 葬儀屋, アンデッド, ヒューマンドラマ	聖女の浄化魔法ではなく、「心のこもった葬儀」だけがアンデッド化を防ぐ唯一の手段となる。
1771648328735	異世界審判：そのデュエル、アウトです　～神の目を持つ男が、不正な決闘を裁きまくる～	プロ審判員が、不正だらけの異世界の決闘を【絶対審判】スキルで裁く。反則をした瞬間に強制敗北させる能力で、悪徳貴族を退場させる。	転生, 審判, ルール, ざまぁ	武力ではなく「ルールの強制力」で戦い、最強の騎士や魔法使いであっても「反則」一つで即座に敗北させる。
1771648328735	花火師、戦場を彩る　～爆裂魔法より綺麗な花火を打ち上げたら、敵軍が感動して戦争を止めました～	花火職人が、爆撃魔法が飛び交う戦場で美しい「打ち上げ花火」を披露。兵士たちが感動して戦意を失い、芸術の力で戦争が終わる。	転生, 花火師, 職人, 平和	殺傷能力のある火薬や爆裂魔法を、あえて殺傷力ゼロの「美しい花火」に昇華させ、感動によって争いを止める。
1771648328735	異世界No.1ホスト：魔王様、シャンパン入りました　～話術と接客でダンジョンを歌舞伎町に変える～	伝説のホストが、殺しに来た女魔王を接客で骨抜きにし、魔王城をホストクラブ化。勇者も常連客にして、争いをシャンパンタワーで解決する。	転生, ホスト, 接客, コメディ	魔王討伐を「接客」に置き換え、敵対する勇者と魔王を同じテーブルに座らせて高額ボトルを入れさせる。
1771648328735	伝説の魔獣トリマー　～フェンリルもドラゴンも、モフモフにして可愛くカットします～	トリマーが凶暴なフェンリルをトリミングしてモフモフの愛犬に変える。可愛くなった魔獣たちが彼女を守るために戦う癒やし系無双。	転生, トリマー, 動物, もふもふ	「魔獣討伐」ではなく「トリミング」で無力化（可愛く）し、凶悪なモンスターを愛されペットに変貌させる。
1771648328735	おもちゃ職人の魔導人形　～子供のために作ったテディベアが、国を守る最強のゴーレムでした～	人形職人が子供のために作ったおもちゃたちが、実は最強の自律型ゴーレムとして覚醒し、職人も知らないところで国を守る。	転生, 職人, ゴーレム, ほのぼの	「殺人兵器としてのゴーレム」ではなく、「子供を守るための愛らしいおもちゃ」が、その純粋な守護本能で軍隊を圧倒する。
1771648328735	ダンジョン保健所：衛生管理は徹底してください　～スライムの増殖は公衆衛生法違反です～	保健所職員がダンジョンの不衛生な環境を改善。徹底的な清掃と消毒で魔物を健康にし、病原菌系の魔王を「殺菌」して倒す。	転生, 掃除, ダンジョン運営, 経営	「聖なる光」ではなく「業務用の消毒液と清掃」でアンデッドや悪魔を浄化し、物理的にクリーンなダンジョンを作る。
1771648328735	マナ回収業者の憂鬱　～魔法使いの皆様、使用料の滞納は差し押さえになります～	魔法の使用が「借金」である世界で、徴収員が滞納者から魔力や寿命を取り立てる。魔王さえも「破産」させて世界崩壊を防ぐ。	転生, 金融, お仕事, ダークヒーロー	MP（マジックポイント）を「通貨・借金」と定義し、最強の魔法使いでも「支払い能力」がなければ無力化される経済ルール。
1771648428744	奇術師は本物の魔法を欺く　～「タネも仕掛けもあります」が最強の呪文でした～	魔力ゼロのマジシャンが、手品とトリックを「超高等魔法」と信じ込ませて異世界を騙し抜く。本物の魔法使いをイリュージョンで翻弄する。	転生, 手品, 詐欺, 頭脳戦	「魔法」が実在する世界だからこそ、誰も「手品のタネ」を疑わないという心理的死角を突いて無双する。
1771648428744	ドラゴン専門歯科医：その虫歯、抜きます　～最強の竜が暴れる理由は、親知らずでした～	歯科医がドラゴンの虫歯を治療し、主治医となる。魔物たちの口内トラブルを解決し、最強の牙を持つ患者たちが彼を守る。	転生, 医療, 歯科医, ドラゴン	暴れるドラゴンの原因を「討伐対象」ではなく「虫歯の患者」として捉え、治療することで手懐ける。
1771648428744	風船職人のバルーンアート無双　～作った犬がケルベロスになって敵を噛み殺すんですが～	風船職人が魔力バルーンで動物や武器を作る。物理無効のゴムボディと破裂時のトラップ攻撃で、戦場を遊園地のように制圧する。	転生, 大道芸, クラフト, コメディ	子供騙しのバルーンアートが、物理無効・変幻自在の最強召喚獣となり、割れると大爆発する兵器になる。
1771648428744	パントマイマーは壁を作る　～「そこに壁がある」と信じ込ませたら、絶対防御の結界になりました～	パントマイマーの演技が現実になる。見えない壁、見えない階段、見えない武器を作り出し、無言のまま敵を翻弄する。	転生, パントマイム, 結界, 無双	「壁があるフリ」をするだけで、物理法則を無視した絶対防御の結界（見えない壁）をノーコストで瞬時に展開する。
1771648428744	大道芸人（ジャグラー）の無限投擲　～ナイフ３本でドラゴンを倒せますか？ 余裕です～	ジャグラーがナイフや棍棒を無限にお手玉（ジャグリング）し、回転力と遠心力で敵を切り刻む。投擲武器が必ず手元に戻る永久機関バトル。	転生, ジャグリング, アクション, バトル	一度投げた武器が手元に戻るラグなしの連撃と、数百個を同時に操るジャグリング技術で、一人で軍隊並みの弾幕を張る。
1771648428744	邪眼の眼鏡屋さん　～魔眼持ちの勇者様、コンタクトの度数が合ってませんよ～	眼鏡屋が、制御不能な「魔眼」を持つ人々に専用メガネを作る。石化や呪いをレンズで制御し、魔眼持ちたちの悩みを解決する。	転生, 眼鏡, 職人, 医療	「呪われた魔眼」を「視力の悪い目」として扱い、科学的なレンズ工学（メガネ）で魔力を物理的に屈折・制御する。
1771648428744	折り紙師のペーパードラゴン　～紙一枚で世界最強の召喚獣を作ってみた～	折り紙作家が、紙からドラゴンや武器を折って戦う。紙の鋭さと変幻自在の形状変化で、鋼鉄の鎧や魔法を切り裂く。	転生, 折り紙, クラフト, 和風ファンタジー	「燃えやすい・脆い」という紙の弱点を魔力コーティングで克服し、コストゼロで無限に兵器を量産できる最強の召喚術。
1771648428744	書道家の墨魔法　～「斬」と書けば切れ、「壁」と書けば防ぐ。筆一本で無双する～	書道家が空中に漢字を書くことで、その意味を具現化させる。敵の鎧を「豆腐」に書き換えるなど、概念操作で無双する。	転生, 書道, 和風, 概念操作	呪文詠唱の代わりに「漢字」を書くことで発動し、物理現象だけでなく「硬さ」や「重さ」などの概念を直接書き換える。
1771648428744	鍵師のアンロック　～伝説の封印も、魔王の心の扉も、ピッキングで開けちゃいます～	鍵師が物理的な鍵だけでなく、封印、装備の留め具、心の扉、才能の限界まであらゆる「ロック」を解除して世界を救う。	転生, 鍵師, 泥棒, 心理戦	「解錠スキル」を物理的な扉だけでなく、敵の武装解除や洗脳解除、潜在能力の解放に応用するテクニカルなチート。
1771648428744	調律師のレゾナンス　～世界の音がズレているから、魔物が生まれるんです～	調律師が絶対音感で世界の「不協和音」を聞き取り、音叉でチューニングして魔物を消滅させる。物理攻撃ではなく周波数で戦う。	転生, 音楽, 調律師, 物理学	魔物を「倒す」のではなく、存在の周波数を「調律（チューニング）」して無害な自然のマナに還元する。
1771648521446	異世界消防士：ドラゴンの炎は俺が消す　～放水開始！ ブレスを口の中で鎮火してやる～	消防士が水魔法で高圧放水砲を作り、ドラゴンのブレスや地獄の業火を物理的に消火する。火災現場のプロが異世界の炎を鎮圧。	転生, 消防士, レスキュー, バトル	「火属性魔法」に対して、対抗属性の魔法で戦うのではなく、現代の「消火戦術（放水・窒息・破壊）」で科学的に鎮火する。
1771648521446	バーテンダーはポーションをシェイクする　～「味のしない回復薬」を極上のカクテルに変えました～	バーテンダーが不味いポーションを美味しいカクテルにアレンジし、回復効果を倍増させる。敵も味方もその一杯に酔いしれる。	転生, バーテンダー, お酒, グルメ	「飲むのが苦痛な薬」を「楽しむためのカクテル」に変え、シェイカー技術で魔力効率を最大化する。
1771648521446	時計技師は「止まった時間」を修理する　～クロックタワーの歯車を直したら、石化した王女が動き出しました～	時計技師が、魔法で「時間停止」した人々や街を、見えない世界の歯車を修理することで治していく。時間を大切にする職人の物語。	転生, 時計, スチームパンク, 職人	石化や呪いを「時間の故障」と解釈し、魔法解除ではなく「機械的な修理（オーバーホール）」で解決する。
1771648521446	アレルギー専門医：エルフの森は花粉地獄　～世界樹の花粉で鼻水が止まらない勇者を救え～	アレルギー専門医が、世界樹の花粉に苦しむ勇者たちを治療。マスクと薬と環境改善で、花粉症という最大のデバフを取り除く。	転生, 医療, 花粉症, エルフ	ファンタジー世界の「森」や「植物」を、アレルギー源（敵）として捉え、現代医学で「花粉症対策」を行う。
1771648521446	睡眠コンサルタント：魔王様、枕が合っていません　～世界征服の前に、まずは8時間寝てください～	睡眠コンサルタントが、不眠症で凶暴化した魔王に「快眠」を提供し、性格を温厚にして世界を平和にする。	転生, 睡眠, 健康, スローライフ	「魔王の怒り」の原因を「睡眠不足」と特定し、オーダーメイド枕やアロマで物理的に解消して和解させる。
1771648521446	オーク・ブートキャンプ：魔王軍ダイエット計画　～痩せたらイケメンエルフよりモテるようになりました～	トレーナーが肥満のオークたちを筋トレで改造。マッチョになったオークは最強の戦士となり、異種族からもモテモテになる。	転生, 筋トレ, ダイエット, 筋肉	「醜いモンスター」を「ボディビル」で美しく強い存在に変え、見た目の変化で種族間の偏見（と戦力差）を覆す。
1771648521446	戦場茶会：お茶が入りました、戦争を中断してください　～茶聖（ティーマスター）の淹れる一杯は、剣よりも強し～	茶道家が戦場に「茶室結界」を展開。強制的に武器を置かせ、敵味方にお茶を振る舞い、精神を鎮めて戦争を終わらせる。	転生, 茶道, 和風, 平和	圧倒的な「静寂」と「作法」の強制力により、暴れ回るバーサーカーや軍隊を正座させ、お茶を飲ませて無力化する。
1771648521446	靴職人の「空飛ぶスニーカー」　～勇者の足が遅いので、エアクッション内蔵の魔導靴を作りました～	靴職人が、歩きにくい革靴しかない異世界で、ハイテク機能を持つ「スニーカー」を開発。勇者に超高速移動能力を与えて無双させる。	転生, 職人, 靴, 開発	武器や防具ではなく「靴（機動力）」に着目し、現代のスポーツ工学を魔法で再現して戦闘の常識を変える。
1771648521446	魔導博物館の学芸員：展示物が夜な夜な暴れます　～呪いの剣も聖杯も、私が管理・展示します～	学芸員が、夜な夜な動き出す危険な展示物を「保存管理スキル」で鎮める。博物館を狙う泥棒には、展示物たちが牙を剥く。	転生, 博物館, お仕事, コメディ	「ナイトミュージアム」の異世界版。危険な魔導具を「展示品」として扱い、正しい保存管理で手懐けて防衛戦力にする。
1771648521446	華道家は「生け花」で敵を串刺しにする　～剣山トラップと茨の鞭で、戦場を美しく飾ります～	華道家が植物魔法で戦場をアレンジする。剣山や蔦を使って敵を芸術的に配置（拘束）し、魔王さえも作品の一部にして封印する。	転生, 華道, 和風, バトル	植物魔法を「攻撃」ではなく「生け花（配置・バランス）」の理論で操り、戦場全体を一つの芸術作品として支配・構築する。
1771648605627	解体屋の爆破美学　～魔王城を「内側から」安全に解体します～	解体業者が、魔王城やダンジョンの構造的弱点を見抜き、最小限の爆破で「制御解体」する。城壁を一瞬で崩壊させる攻城戦のスペシャリスト。	転生, 解体屋, 爆破, 職人	「攻める」のではなく、建物そのものを「解体」して無力化する。物理演算のような計算された破壊美。
1771648605627	空の管制官：ドラゴン衝突防止システム　～ワイバーンの渋滞は俺が裁く～	航空管制官が、ドラゴンやグリフォンの飛び交う無秩序な空を整理整頓。飛行ルートを指示して事故を防ぎ、敵軍を空中衝突させて撃退する。	転生, 管制官, ドラゴン, 空	「ドラゴンに乗る」のではなく、「ドラゴンの軌道を管理する」ことで、空全体の制空権をデスクワークで掌握する。
1771648605627	ストーム・チェイサー：竜巻に乗る男　～災害級の嵐こそ、最高のエネルギー源だ～	ストーム・チェイサーが、異世界の災害級の嵐に突入してエネルギーを回収。嵐を動力源にした要塞戦車で魔王軍を蹴散らす。	転生, 気象, 冒険, アクション	「天候を操る」のではなく、発生した「災害（嵐）を利用する」ことで、圧倒的なエネルギーを得て無双する。
1771648605627	古生物学者と恐竜軍団　～化石発掘スキルで、ティラノサウルスを召喚しました～	古生物学者が化石から恐竜を蘇らせ、ドラゴンに対抗する「恐竜軍団」を作る。魔法VS科学的進化の頂点（T-REX）の戦い。	転生, 恐竜, 考古学, バトル	ファンタジーの「ドラゴン」に対し、リアルな「恐竜」をぶつける。化石発掘から始まる、時空を超えた頂上決戦。
1771648605627	神の舌を持つ美食家：魔王を味見してみた　～「この肉質、硬い上に臭みがある。星１つです」～	料理評論家が敵を「味見」することで弱点やステータスを見抜く。辛口コメントで精神的ダメージを与え、的確な攻略法を伝授する。	転生, グルメ, 評論家, 攻略	「食べる」ことで強くなるのではなく、「分析（批評）」することで敵を丸裸にし、精神的優位に立つ。
1771648605627	異世界交渉人（ネゴシエーター）：ドラゴンと人質の交換だ　～「要求はなんだ？ 牛一頭か、それとも金貨か？」～	交渉人が、誘拐犯（ドラゴン）やテロリスト（魔王軍）と対話し、人質解放や和平条約を勝ち取る。武力を使わない解決のプロ。	転生, 交渉人, 心理戦, 平和	「倒す」一辺倒のファンタジーにおいて、現代の「人質交渉（ネゴシエーション）」や「損得勘定」で平和的解決を図る。
1771648605627	効果音職人（フォーリーアーティスト）の音撃　～俺が「ドカーン」と音をつけたら、本当に爆発した～	効果音職人が、道具を使って出した「音」を現実に変える。骨折音で敵を倒し、足音で敵を惑わす、音響魔法の使い手。	転生, 音響, 職人, バトル	「言葉（呪文）」ではなく「環境音（SE）」を武器にし、映画のような臨場感と現象を強制的に引き起こす。
1771648605627	特殊メイク師の完全擬態　～魔王の顔に変装して、軍団を解散させてみた～	特殊メイク師が、魔王や将軍に完璧に変装し、偽の命令を出して敵軍を崩壊させる。見た目だけで世界を騙すスパイ・コメディ。	転生, メイク, スパイ, コメディ	戦闘力ゼロでも、敵のトップに「なりすます」ことで、組織を内部からコントロールし自壊させる。
1771648605627	影のスタントマン　～勇者が死なないのは、俺が全部代わりに食らってるからです～	スタントマンが勇者の受けるダメージを全て肩代わりし、危険なシーン（戦闘）を裏でこなす。無謀な勇者を影で支える苦労人の物語。	転生, スタントマン, 影の英雄, アクション	表舞台で輝く勇者の裏に、すべての痛みと危険を引き受けるプロフェッショナルな「身代わり」が存在するという構造。
1771648605627	異世界ゴルフ：魔王の眉間にホールインワン　～クラブ一本でダンジョンを攻略する～	プロゴルファーが、魔法のボールとクラブで敵を狙撃する。数キロ先から魔王の眉間にホールインワンを決める超遠距離攻撃。	転生, ゴルフ, スポーツ, 狙撃	剣や魔法の射程外である「数キロ先」から、ゴルフの弾道計算で一方的に攻撃（狙撃）するプレースタイル。
1771648695275	神様コールセンター：ただいま電話が混み合っております　～異世界の祈りを管理するお仕事～	コールセンターのSVが、人間からの「祈り」を電話対応で捌く。神様の業務負担を減らし、邪神の詐欺をトークスキルで撃退する。	転生, コールセンター, お仕事, コメディ	漠然とした「信仰」を「カスタマーサポート」としてシステム化し、神様と信者の間を取り持つ中間管理職の活躍。
1771648695275	ダンジョン・ツアーガイド：安全なルートで地獄をご案内　～初心者歓迎！ ドラゴン見学ツアー～	ツアーガイドが、危険なダンジョンを安全な観光地に変える。魔物をエキストラとして雇い、勇者をマナー違反として排除する。	転生, 観光, ダンジョン, 経営	「攻略」する場所であるダンジョンを「観光（鑑賞）」する場所に変え、魔物とビジネスパートナーとして共存する。
1771648695275	養蜂家は蜂の大群を統率する　～俺の蜂蜜を食べた魔王軍が、全員味方になりました～	養蜂家がキラービーの大群を使役し、極上の蜂蜜で敵を餌付けして味方にする。毒と甘味を使い分ける戦略シミュレーション。	転生, 養蜂, 昆虫, グルメ	「毒針」による攻撃だけでなく、「蜂蜜」による依存性の高い餌付け（懐柔）を行い、敵を無力化・洗脳する。
1771648695275	TCG召喚術師：デッキ構築無双　～俺のターン！ 魔王を生贄に神を召喚！～	カードゲーマーが、コスト管理やコンボ理論を持ち込み、レアカード頼りの異世界人を「速攻」や「特殊勝利」で圧倒する。	転生, TCG, カードゲーム, 頭脳戦	物理的な殴り合いではなく、「ターン制」「コスト」「山札切れ」といったカードゲーム特有のルールを現実に強制して戦う。
1771648695275	卓上（TRPG）の支配者：戦争は卓上で起きている　～サイコロの出目で戦況を操作する～	TRPGのGMが、サイコロで現実の確率（クリティカル・ファンブル）を操作し、無理ゲーな戦況を覆す神視点の物語。	転生, TRPG, ダイス, メタフィクション	現実世界を「テーブルゲームの盤面」として捉え、ダイスロールによる確率操作とルールブックの穴を突いて神と戦う。
1771648695275	溶接工の魔導アーマー　～壊れた聖剣も、アーク溶接でくっつけます～	溶接工が、折れた武器やロボットを「アーク溶接」で瞬時に修理・改造する。現場修理しながら戦う継ぎ接ぎロボットの戦記。	転生, 溶接, ロボット, 職人	ファンタジーの鍛冶（打撃）に対し、現代工業の「溶接（熱接合）」を持ち込み、戦闘中にリアルタイムで装備を修理・強化する。
1771648695275	電気工事士のインフラ整備　～魔王城に電線を引いて、文明開化させました～	電気工事士が、雷魔法を発電に利用し、電球や家電を普及させる。電気代の徴収と停電の脅しで、王や魔王をコントロールする。	転生, インフラ, 開発, 科学	雷魔法を「攻撃手段」ではなく「電力インフラ」として活用し、文明レベルを上げることで世界を経済的に支配する。
1771648695275	贋作師（フェイカー）：聖剣のレプリカを量産する　～本物より高性能ですが、何か？～	贋作師が、伝説の武器やアイテムの「改良版レプリカ」を量産し、価格破壊を起こす。本物以上の偽物で世界を救う。	転生, 贋作, 錬金術, チート	「唯一無二」の伝説級アイテムを量産・配布し、希少価値を暴落させることで、誰もが最強装備を持てる平等な世界を作る。
1771648695275	マッシュルーム・マンサー　～キノコの胞子で世界を侵食する～	キノコ愛好家が、胞子と菌糸を操り、敵の装備や肉体にキノコを寄生させて無力化する。静かなる侵食と分解の恐怖。	転生, 植物, ホラー, 独自魔法	派手な魔法ではなく、目に見えない「胞子」による感染と寄生、腐敗という生理的な恐怖と自然の摂理で戦う。
1771648695275	ヨーヨー使いの超絶技巧　～犬の散歩（ウォーク・ザ・ドッグ）でドラゴンを引きずり回す～	ヨーヨー王者が、回転力と糸を操り、敵を拘束・切断する。トリック技（犬の散歩など）がそのまま必殺技になる。	転生, ヨーヨー, アクション, バトル	おもちゃのヨーヨーを、遠心力を利用した「質量兵器」かつ「拘束具」として使い、トリッキーな軌道で敵を翻弄する。
